location,cleanliness_score,odor_score,waste_level,water_availability,footfall,complaints,hours_since_cleaning,risk_level,inspection_year,inspection_month,inspection_day
Urban,7,6,7,2,723,1,45,1,2024,1,1
Rural,3,8,2,1,522,1,34,1,2024,1,2
Semi-Urban,7,7,9,2,25,2,11,1,2024,1,3
Semi-Urban,8,8,4,2,840,5,48,1,2024,1,4
Urban,10,9,9,2,163,6,42,1,2024,1,5
Urban,6,6,2,2,877,4,47,1,2024,1,6
Urban,10,3,10,2,280,2,27,1,2024,1,7
Rural,9,10,4,2,604,3,42,1,2024,1,8
Semi-Urban,6,3,5,2,705,4,2,0,2024,1,9
Semi-Urban,9,1,2,2,251,1,6,0,2024,1,10
Urban,4,5,10,2,289,0,46,1,2024,1,11
Rural,8,4,1,2,959,7,2,0,2024,1,12
Rural,4,9,7,1,466,2,42,2,2024,1,13
Urban,2,9,10,0,893,6,17,2,2024,1,14
Urban,10,5,1,1,241,2,40,1,2024,1,15
Urban,9,10,8,2,71,3,48,1,2024,1,16
Urban,5,4,3,2,135,6,14,0,2024,1,17
Semi-Urban,4,7,10,2,557,4,10,1,2024,1,18
Urban,2,6,6,2,584,2,45,1,2024,1,19
Urban,1,4,7,2,896,7,33,2,2024,1,20
Semi-Urban,7,10,10,2,560,5,42,2,2024,1,21
Urban,6,2,1,2,38,5,12,0,2024,1,22
Urban,2,1,6,2,834,0,32,1,2024,1,23
Urban,8,4,7,0,411,2,24,1,2024,1,24
Semi-Urban,4,4,6,2,810,1,14,1,2024,1,25
Semi-Urban,8,1,4,2,648,5,5,0,2024,1,26
Urban,7,6,1,2,637,3,5,0,2024,1,27
Semi-Urban,5,4,9,2,438,8,47,1,2024,1,28
Semi-Urban,10,1,4,2,328,2,32,0,2024,1,29
Urban,10,1,7,2,758,3,45,1,2024,1,30
Semi-Urban,8,1,7,2,883,2,33,1,2024,1,31
Urban,9,8,2,1,205,3,46,1,2024,2,1
Urban,5,10,1,1,280,5,4,1,2024,2,2
Rural,10,8,8,0,547,8,30,2,2024,2,3
Rural,5,2,8,1,292,3,41,1,2024,2,4
Rural,2,7,7,2,179,3,17,1,2024,2,5
Urban,5,8,8,2,889,5,3,1,2024,2,6
Urban,3,8,3,2,781,2,13,1,2024,2,7
Semi-Urban,7,10,2,2,243,4,44,1,2024,2,8
Urban,10,7,7,2,275,3,48,1,2024,2,9
Urban,5,5,8,1,199,5,36,1,2024,2,10
Semi-Urban,8,1,1,2,39,4,18,0,2024,2,11
Urban,1,9,10,2,643,4,23,2,2024,2,12
Rural,3,7,9,2,651,2,35,1,2024,2,13
Urban,3,2,4,0,725,4,33,2,2024,2,14
Semi-Urban,9,6,4,2,487,5,36,1,2024,2,15
Urban,5,2,3,1,642,3,17,1,2024,2,16
Semi-Urban,9,1,6,1,229,0,39,1,2024,2,17
Semi-Urban,9,7,1,0,532,3,34,1,2024,2,18
Urban,1,2,6,1,77,6,12,1,2024,2,19
Rural,2,2,2,1,112,5,5,1,2024,2,20
Semi-Urban,5,5,9,2,240,3,48,1,2024,2,21
Rural,4,5,2,2,742,1,40,1,2024,2,22
Rural,10,7,7,2,959,6,27,1,2024,2,23
Semi-Urban,9,1,1,2,251,3,40,0,2024,2,24
Rural,7,8,7,0,793,2,13,1,2024,2,25
Urban,6,3,5,2,383,3,26,1,2024,2,26
Urban,7,4,8,1,634,6,14,1,2024,2,27
Urban,1,9,4,2,581,1,32,1,2024,2,28
Urban,1,4,10,2,393,3,11,1,2024,2,29
Urban,8,10,7,0,641,1,38,2,2024,3,1
Urban,2,5,6,2,475,4,16,1,2024,3,2
Rural,10,7,5,2,107,1,22,0,2024,3,3
Urban,9,4,4,2,39,2,47,0,2024,3,4
Urban,7,1,7,2,33,5,16,0,2024,3,5
Semi-Urban,6,9,5,2,152,2,13,1,2024,3,6
Urban,1,4,5,2,956,3,12,1,2024,3,7
Rural,1,9,1,2,827,4,18,1,2024,3,8
Urban,2,6,2,1,53,3,29,1,2024,3,9
Rural,6,1,5,1,911,6,18,1,2024,3,10
Semi-Urban,6,3,3,2,227,3,46,1,2024,3,11
Urban,2,2,2,2,832,3,2,0,2024,3,12
Urban,1,9,4,1,218,3,2,1,2024,3,13
Rural,10,1,4,2,611,2,3,0,2024,3,14
Semi-Urban,5,9,4,2,602,3,29,1,2024,3,15
Semi-Urban,5,9,4,2,174,4,8,1,2024,3,16
Semi-Urban,2,8,3,1,609,3,11,1,2024,3,17
Urban,6,8,7,2,97,3,12,1,2024,3,18
Urban,9,1,9,2,191,3,32,1,2024,3,19
Urban,2,8,5,2,308,2,4,1,2024,3,20
Rural,10,10,4,2,564,5,9,0,2024,3,21
Semi-Urban,2,3,2,2,831,4,24,1,2024,3,22
Urban,3,7,2,2,807,0,16,1,2024,3,23
Urban,7,1,5,1,898,2,17,1,2024,3,24
Urban,6,1,7,0,439,5,47,2,2024,3,25
Urban,8,10,10,2,26,3,22,1,2024,3,26
Semi-Urban,8,5,10,2,179,1,7,0,2024,3,27
Semi-Urban,6,5,9,2,259,1,10,1,2024,3,28
Rural,10,8,7,1,982,2,29,1,2024,3,29
Semi-Urban,3,7,5,1,442,2,36,1,2024,3,30
Urban,3,8,10,2,555,5,24,2,2024,3,31
Semi-Urban,1,6,10,2,745,3,46,2,2024,4,1
Semi-Urban,7,6,10,1,89,7,14,1,2024,4,2
Semi-Urban,5,2,6,2,899,5,14,1,2024,4,3
Semi-Urban,4,6,3,2,235,3,25,1,2024,4,4
Semi-Urban,10,5,5,2,123,6,46,1,2024,4,5
Semi-Urban,4,3,8,2,746,4,22,1,2024,4,6
Urban,4,6,1,2,73,2,47,1,2024,4,7
Urban,6,8,1,1,825,1,23,1,2024,4,8
Urban,8,9,7,2,349,3,32,1,2024,4,9
Urban,8,1,5,2,867,2,26,0,2024,4,10
Semi-Urban,5,3,5,2,222,4,27,1,2024,4,11
Urban,6,3,1,2,307,6,45,1,2024,4,12
Semi-Urban,4,8,9,2,64,2,12,1,2024,4,13
Rural,9,1,1,2,848,3,19,0,2024,4,14
Urban,8,5,5,1,217,2,19,1,2024,4,15
Urban,10,3,10,2,235,6,34,1,2024,4,16
Semi-Urban,10,2,9,2,500,1,32,1,2024,4,17
Urban,1,8,4,2,328,8,29,1,2024,4,18
Urban,2,3,8,2,915,3,21,1,2024,4,19
Urban,9,7,6,1,454,6,35,1,2024,4,20
Urban,8,1,3,2,351,1,42,0,2024,4,21
Rural,3,6,4,0,715,4,5,1,2024,4,22
Rural,8,3,2,2,46,1,12,0,2024,4,23
Semi-Urban,1,8,1,1,185,0,7,1,2024,4,24
Rural,10,6,8,2,337,0,41,1,2024,4,25
Rural,4,2,1,2,293,4,2,0,2024,4,26
Urban,3,6,1,2,402,4,25,1,2024,4,27
Rural,6,7,4,2,384,4,10,1,2024,4,28
Semi-Urban,7,5,10,1,122,2,38,1,2024,4,29
Rural,4,3,10,1,979,3,44,2,2024,4,30
Rural,7,4,6,2,522,3,6,0,2024,5,1
Urban,9,4,9,2,864,4,27,1,2024,5,2
Urban,2,6,1,2,392,7,35,1,2024,5,3
Urban,3,10,7,1,635,0,10,1,2024,5,4
Urban,5,1,10,2,945,3,9,1,2024,5,5
Rural,3,4,5,2,264,4,20,1,2024,5,6
Rural,8,10,8,2,836,4,37,1,2024,5,7
Urban,10,4,7,1,188,3,35,1,2024,5,8
Semi-Urban,8,10,4,2,647,3,37,1,2024,5,9
Urban,8,1,4,1,672,3,40,1,2024,5,10
Urban,9,9,6,1,437,2,8,1,2024,5,11
Urban,4,4,6,2,375,2,46,1,2024,5,12
Urban,5,7,9,2,497,4,31,1,2024,5,13
Rural,5,3,5,1,144,2,43,1,2024,5,14
Urban,8,10,8,2,556,4,16,1,2024,5,15
Semi-Urban,7,3,5,0,725,4,28,1,2024,5,16
Semi-Urban,9,8,2,2,915,4,6,0,2024,5,17
Urban,8,8,6,2,631,4,32,1,2024,5,18
Rural,2,1,9,0,421,4,28,2,2024,5,19
Rural,10,10,3,2,536,2,11,0,2024,5,20
Urban,4,2,1,2,550,2,42,1,2024,5,21
Semi-Urban,6,8,1,1,701,4,23,1,2024,5,22
Urban,2,1,3,2,805,4,30,1,2024,5,23
Urban,7,8,10,2,273,7,9,1,2024,5,24
Urban,3,8,5,2,140,3,28,1,2024,5,25
Semi-Urban,3,2,3,1,51,2,24,1,2024,5,26
Semi-Urban,2,4,9,1,680,2,28,2,2024,5,27
Urban,8,6,8,2,797,1,24,1,2024,5,28
Urban,6,9,3,1,56,0,15,1,2024,5,29
Rural,1,8,9,1,708,3,39,2,2024,5,30
Urban,1,8,6,2,361,2,33,1,2024,5,31
Urban,7,7,7,2,32,2,47,1,2024,6,1
Semi-Urban,8,9,4,2,202,1,34,1,2024,6,2
Rural,5,2,4,2,676,0,22,0,2024,6,3
Urban,5,3,2,1,284,4,29,1,2024,6,4
Semi-Urban,4,10,5,1,107,1,34,1,2024,6,5
Semi-Urban,6,8,8,2,959,4,42,1,2024,6,6
Urban,6,6,7,2,481,6,47,1,2024,6,7
Semi-Urban,3,10,7,2,65,1,10,1,2024,6,8
Urban,9,9,6,2,411,3,45,1,2024,6,9
Semi-Urban,7,10,3,2,138,2,30,1,2024,6,10
Semi-Urban,1,4,5,2,952,5,11,1,2024,6,11
Semi-Urban,7,8,1,2,550,3,34,1,2024,6,12
Urban,5,10,7,2,466,1,21,1,2024,6,13
Rural,5,3,9,1,751,1,13,1,2024,6,14
Urban,2,3,1,2,961,3,25,1,2024,6,15
Urban,4,8,2,2,764,2,21,1,2024,6,16
Urban,6,5,3,2,625,4,1,0,2024,6,17
Semi-Urban,10,3,3,2,986,5,5,0,2024,6,18
Semi-Urban,7,10,8,2,782,3,22,1,2024,6,19
Urban,5,1,7,2,781,2,7,1,2024,6,20
Semi-Urban,9,3,6,1,813,4,13,1,2024,6,21
Urban,3,9,10,2,763,1,45,2,2024,6,22
Semi-Urban,1,5,10,1,65,4,23,2,2024,6,23
Urban,4,10,4,0,905,2,21,2,2024,6,24
Semi-Urban,9,2,9,1,527,3,6,1,2024,6,25
Urban,4,7,1,2,577,3,20,1,2024,6,26
Rural,2,2,2,0,990,1,12,1,2024,6,27
Urban,10,4,4,2,545,2,40,0,2024,6,28
Urban,5,7,3,2,616,2,9,1,2024,6,29
Urban,3,4,1,1,850,4,28,1,2024,6,30
Rural,9,7,5,2,859,3,11,0,2024,7,1
Rural,4,7,7,2,22,2,32,1,2024,7,2
Urban,6,1,2,2,47,2,11,0,2024,7,3
Semi-Urban,2,6,5,2,400,3,24,1,2024,7,4
Rural,6,9,6,2,176,2,15,1,2024,7,5
Semi-Urban,3,2,7,2,874,3,41,1,2024,7,6
Semi-Urban,9,3,1,0,933,4,35,1,2024,7,7
Urban,2,10,7,0,950,2,17,2,2024,7,8
Urban,9,5,4,1,530,2,25,1,2024,7,9
Rural,5,9,8,2,352,1,35,1,2024,7,10
Rural,8,4,4,2,863,3,19,0,2024,7,11
Semi-Urban,2,1,6,0,706,3,41,2,2024,7,12
Urban,6,4,9,1,133,3,31,1,2024,7,13
Urban,3,6,5,2,408,4,17,1,2024,7,14
Semi-Urban,10,5,4,2,506,3,23,0,2024,7,15
Rural,5,1,8,2,862,2,47,1,2024,7,16
Rural,8,4,9,2,269,3,1,0,2024,7,17
Semi-Urban,10,6,4,2,590,4,10,0,2024,7,18
Semi-Urban,1,10,3,1,734,6,8,2,2024,7,19
Urban,5,10,8,2,334,3,42,1,2024,7,20
Urban,3,4,5,2,258,3,26,1,2024,7,21
Rural,4,9,2,2,253,3,34,1,2024,7,22
Semi-Urban,2,5,10,2,322,3,19,1,2024,7,23
Urban,9,8,9,2,626,5,14,1,2024,7,24
Urban,3,9,3,2,672,4,8,1,2024,7,25
Semi-Urban,2,10,2,2,353,1,1,1,2024,7,26
Urban,10,5,1,1,132,3,48,1,2024,7,27
Urban,9,6,8,2,640,4,25,1,2024,7,28
Semi-Urban,7,1,3,2,381,2,24,0,2024,7,29
Semi-Urban,6,7,7,2,876,2,47,1,2024,7,30
Semi-Urban,1,4,1,1,820,1,20,1,2024,7,31
Urban,5,2,1,2,116,4,30,0,2024,8,1
Semi-Urban,3,5,9,1,977,1,5,1,2024,8,2
Urban,1,3,8,2,866,3,3,1,2024,8,3
Urban,4,6,3,1,35,2,32,1,2024,8,4
Semi-Urban,2,8,6,1,575,0,17,1,2024,8,5
Semi-Urban,2,7,3,2,973,1,42,1,2024,8,6
Rural,3,3,4,2,395,1,5,0,2024,8,7
Semi-Urban,8,8,1,2,761,3,11,0,2024,8,8
Semi-Urban,8,2,5,1,409,3,38,1,2024,8,9
Urban,7,10,1,2,639,4,4,0,2024,8,10
Urban,6,9,1,2,236,3,39,1,2024,8,11
Urban,9,4,10,1,418,3,19,1,2024,8,12
Urban,4,1,7,1,279,4,39,1,2024,8,13
Rural,1,8,6,2,843,4,46,2,2024,8,14
Urban,8,7,2,2,339,3,23,0,2024,8,15
Rural,7,5,2,2,215,1,17,0,2024,8,16
Semi-Urban,7,10,7,2,497,2,13,1,2024,8,17
Semi-Urban,3,5,1,2,437,0,27,1,2024,8,18
Semi-Urban,4,7,2,2,494,3,1,0,2024,8,19
Semi-Urban,10,5,8,2,626,3,2,0,2024,8,20
Semi-Urban,9,8,6,1,587,1,18,1,2024,8,21
Urban,6,6,2,2,563,2,36,1,2024,8,22
Semi-Urban,5,5,7,2,250,4,45,1,2024,8,23
Urban,3,9,4,2,903,2,33,1,2024,8,24
Urban,9,2,2,2,540,5,36,0,2024,8,25
Semi-Urban,5,1,6,2,722,4,2,0,2024,8,26
Urban,5,8,9,2,892,3,4,1,2024,8,27
Rural,4,3,9,1,219,3,16,1,2024,8,28
Rural,4,7,8,2,865,4,4,1,2024,8,29
Rural,1,10,3,2,692,3,9,1,2024,8,30
Urban,7,8,3,0,618,2,21,1,2024,8,31
Urban,9,6,2,2,40,6,23,0,2024,9,1
Rural,3,10,5,1,330,1,2,1,2024,9,2
Urban,2,9,4,2,607,3,3,1,2024,9,3
Rural,3,7,7,1,972,2,23,2,2024,9,4
Rural,1,10,4,2,917,4,26,1,2024,9,5
Rural,6,5,9,1,672,2,47,2,2024,9,6
Urban,7,8,2,1,657,3,7,1,2024,9,7
Urban,2,2,6,2,782,2,36,1,2024,9,8
Rural,8,7,7,2,919,2,44,1,2024,9,9
Urban,6,4,4,1,615,3,33,1,2024,9,10
Urban,4,9,6,2,453,3,36,1,2024,9,11
Semi-Urban,5,1,7,2,390,4,4,0,2024,9,12
Rural,8,7,4,2,579,4,23,1,2024,9,13
Semi-Urban,3,6,8,1,910,2,25,2,2024,9,14
Semi-Urban,3,8,9,2,97,2,41,1,2024,9,15
Urban,4,5,1,2,561,4,26,1,2024,9,16
Semi-Urban,1,1,7,2,304,2,28,1,2024,9,17
Rural,9,1,9,1,667,2,28,1,2024,9,18
Urban,8,9,10,0,159,8,21,2,2024,9,19
Semi-Urban,8,10,5,0,572,3,10,1,2024,9,20
Rural,10,6,2,2,301,3,27,0,2024,9,21
Semi-Urban,6,10,10,1,581,4,15,2,2024,9,22
Semi-Urban,7,5,6,2,277,1,17,0,2024,9,23
Semi-Urban,6,1,7,2,842,4,39,1,2024,9,24
Urban,9,6,2,2,379,4,35,0,2024,9,25
Urban,3,6,2,2,459,4,5,1,2024,9,26
Rural,3,3,10,0,289,3,16,2,2024,9,27
Rural,3,8,10,2,153,3,23,1,2024,9,28
Rural,10,1,1,2,765,2,39,0,2024,9,29
Rural,3,1,4,1,659,2,48,1,2024,9,30
Semi-Urban,9,6,7,1,123,2,9,1,2024,10,1
Semi-Urban,4,10,9,2,785,2,33,2,2024,10,2
Semi-Urban,7,1,3,2,114,3,35,0,2024,10,3
Semi-Urban,9,6,7,1,868,0,40,1,2024,10,4
Semi-Urban,7,1,7,2,748,4,24,1,2024,10,5
Semi-Urban,9,6,7,2,592,3,24,1,2024,10,6
Rural,3,3,2,2,499,6,24,1,2024,10,7
Urban,4,8,6,2,799,4,19,1,2024,10,8
Urban,8,6,2,1,260,1,39,1,2024,10,9
Urban,6,1,6,2,32,4,25,0,2024,10,10
Semi-Urban,5,5,10,2,166,6,31,1,2024,10,11
Urban,4,8,3,2,959,3,38,1,2024,10,12
Semi-Urban,8,3,2,2,771,2,25,0,2024,10,13
Semi-Urban,1,6,6,2,620,1,27,1,2024,10,14
Urban,9,5,2,2,114,4,32,0,2024,10,15
Semi-Urban,1,6,5,2,846,4,11,1,2024,10,16
Urban,8,10,2,2,312,3,5,0,2024,10,17
Urban,4,1,3,2,44,2,44,1,2024,10,18
Rural,9,7,3,2,291,4,33,0,2024,10,19
Urban,5,9,6,2,524,6,19,1,2024,10,20
Urban,3,2,6,2,185,3,43,1,2024,10,21
Semi-Urban,9,10,10,0,958,2,47,2,2024,10,22
Semi-Urban,9,5,3,2,781,5,16,0,2024,10,23
Urban,4,10,3,2,106,1,35,1,2024,10,24
Semi-Urban,4,4,1,2,673,1,11,0,2024,10,25
Urban,8,6,7,0,665,1,11,1,2024,10,26
Urban,2,6,8,2,810,1,10,1,2024,10,27
Semi-Urban,9,2,2,1,657,2,34,1,2024,10,28
Semi-Urban,6,2,4,2,847,3,5,0,2024,10,29
Semi-Urban,9,4,10,0,510,1,23,1,2024,10,30
Semi-Urban,8,1,7,1,927,1,25,1,2024,10,31
Rural,7,9,8,2,160,2,29,1,2024,11,1
Semi-Urban,1,7,1,2,887,3,40,1,2024,11,2
Urban,3,7,4,2,122,5,13,1,2024,11,3
Semi-Urban,2,3,6,2,245,4,47,1,2024,11,4
Urban,5,3,3,2,921,3,32,1,2024,11,5
Urban,5,1,5,2,594,1,34,1,2024,11,6
Urban,5,3,10,2,313,2,12,1,2024,11,7
Urban,4,3,9,2,915,0,24,1,2024,11,8
Rural,5,4,3,2,325,2,40,1,2024,11,9
Rural,3,4,5,2,273,2,21,1,2024,11,10
Semi-Urban,1,3,8,2,199,5,29,1,2024,11,11
Urban,5,10,6,0,59,3,23,2,2024,11,12
Urban,9,8,4,2,795,2,33,1,2024,11,13
Urban,9,8,8,1,720,4,8,1,2024,11,14
Urban,4,1,3,2,539,5,42,1,2024,11,15
Semi-Urban,3,7,3,2,635,3,13,1,2024,11,16
Semi-Urban,1,2,4,2,756,2,5,1,2024,11,17
Semi-Urban,2,1,9,2,565,0,41,1,2024,11,18
Urban,8,3,5,1,255,3,10,0,2024,11,19
Rural,1,4,8,2,482,1,14,1,2024,11,20
Semi-Urban,8,6,6,2,247,6,24,1,2024,11,21
Semi-Urban,7,10,3,0,719,4,11,1,2024,11,22
Semi-Urban,8,5,8,2,844,3,46,1,2024,11,23
Urban,6,4,9,0,502,7,3,1,2024,11,24
Urban,9,8,8,0,449,4,29,2,2024,11,25
Urban,3,4,4,2,41,3,48,1,2024,11,26
Semi-Urban,10,10,6,2,362,1,30,1,2024,11,27
Urban,4,2,1,2,59,2,37,0,2024,11,28
Urban,6,3,4,2,192,1,7,0,2024,11,29
Urban,8,6,8,2,458,4,17,1,2024,11,30
Urban,5,8,1,0,198,2,20,1,2024,12,1
Rural,3,8,3,1,617,1,11,1,2024,12,2
Semi-Urban,6,9,1,2,152,2,44,1,2024,12,3
Semi-Urban,4,7,9,2,370,1,25,1,2024,12,4
Urban,9,2,2,2,544,3,24,0,2024,12,5
Semi-Urban,3,8,9,2,559,1,2,1,2024,12,6
Semi-Urban,4,7,4,1,525,3,27,1,2024,12,7
Urban,7,8,2,2,103,3,19,0,2024,12,8
Urban,7,3,4,2,483,1,29,0,2024,12,9
Urban,4,7,10,2,849,2,37,2,2024,12,10
Semi-Urban,6,10,6,1,880,3,11,1,2024,12,11
Semi-Urban,3,9,7,2,362,6,19,1,2024,12,12
Urban,6,3,3,1,299,3,28,1,2024,12,13
Urban,2,10,3,2,885,5,39,2,2024,12,14
Semi-Urban,8,6,10,1,282,1,21,1,2024,12,15
Semi-Urban,2,2,8,2,185,2,26,1,2024,12,16
Rural,7,2,5,2,312,3,22,0,2024,12,17
Semi-Urban,9,5,4,1,528,3,6,0,2024,12,18
Urban,1,5,7,2,599,1,11,1,2024,12,19
Urban,8,7,7,2,245,3,14,1,2024,12,20
Semi-Urban,7,2,9,2,189,3,36,1,2024,12,21
Urban,6,7,9,1,617,1,40,2,2024,12,22
Semi-Urban,6,5,5,0,664,3,41,2,2024,12,23
Rural,6,6,8,2,467,2,2,1,2024,12,24
Semi-Urban,9,8,10,2,709,4,43,1,2024,12,25
Urban,2,10,1,1,874,4,20,1,2024,12,26
Semi-Urban,1,4,9,2,521,3,22,1,2024,12,27
Semi-Urban,6,7,8,0,783,4,39,2,2024,12,28
Semi-Urban,10,6,6,2,546,5,4,0,2024,12,29
Rural,8,10,3,0,754,3,29,1,2024,12,30
Urban,3,2,3,1,398,2,46,1,2024,12,31
Rural,10,8,8,1,220,6,24,1,2025,1,1
Rural,1,10,5,2,638,2,1,1,2025,1,2
Urban,9,9,10,2,269,2,24,1,2025,1,3
Urban,1,5,7,2,968,4,30,2,2025,1,4
Urban,3,10,5,2,428,1,12,1,2025,1,5
Urban,8,4,8,2,620,0,19,1,2025,1,6
Urban,3,6,10,2,144,4,37,1,2025,1,7
Semi-Urban,4,8,10,1,132,4,40,2,2025,1,8
Urban,8,3,4,2,1000,2,43,1,2025,1,9
Urban,1,10,2,2,156,0,4,1,2025,1,10
Rural,6,1,3,2,778,3,15,0,2025,1,11
Urban,1,4,8,2,515,6,20,1,2025,1,12
Rural,1,4,7,2,697,4,44,2,2025,1,13
Urban,8,1,2,2,169,3,20,0,2025,1,14
Urban,4,9,6,1,894,1,21,1,2025,1,15
Semi-Urban,1,3,9,2,362,4,10,1,2025,1,16
Semi-Urban,10,5,4,2,964,4,30,1,2025,1,17
Rural,7,6,9,2,599,2,24,1,2025,1,18
Semi-Urban,5,8,2,1,752,7,48,2,2025,1,19
Rural,5,6,2,2,802,2,40,1,2025,1,20
Urban,1,3,9,1,340,4,40,2,2025,1,21
Urban,10,6,7,2,841,1,38,1,2025,1,22
Semi-Urban,6,1,7,1,945,3,3,1,2025,1,23
Rural,9,4,1,2,880,0,29,0,2025,1,24
Rural,9,6,6,2,551,1,8,0,2025,1,25
Urban,8,7,7,2,308,3,29,1,2025,1,26
Urban,5,10,6,2,508,2,10,1,2025,1,27
Semi-Urban,1,3,6,2,511,2,5,1,2025,1,28
Urban,9,9,2,1,631,2,11,1,2025,1,29
Rural,1,7,6,2,271,4,4,1,2025,1,30
Rural,8,1,4,0,96,2,35,1,2025,1,31
Urban,5,2,9,1,666,3,40,1,2025,2,1
Semi-Urban,3,1,1,2,411,4,12,0,2025,2,2
Semi-Urban,7,9,8,1,431,3,21,1,2025,2,3
Urban,7,9,5,2,192,5,16,1,2025,2,4
Rural,9,7,1,2,894,1,14,0,2025,2,5
Semi-Urban,7,10,4,0,220,6,21,1,2025,2,6
Rural,3,3,1,2,236,3,48,1,2025,2,7
Urban,1,5,6,2,395,4,27,1,2025,2,8
Rural,8,4,2,2,739,4,36,1,2025,2,9
Urban,3,7,5,2,605,4,1,1,2025,2,10
Urban,8,9,7,0,30,2,1,1,2025,2,11
Rural,8,2,2,2,818,6,22,0,2025,2,12
Urban,5,8,6,2,787,1,15,1,2025,2,13
Urban,1,9,6,2,31,6,20,1,2025,2,14
Rural,10,10,5,2,911,3,3,0,2025,2,15
Rural,7,10,5,2,609,3,14,1,2025,2,16
Semi-Urban,10,9,3,2,454,2,9,0,2025,2,17
Semi-Urban,5,10,10,2,703,3,19,1,2025,2,18
Urban,8,7,10,2,627,5,40,1,2025,2,19
Urban,9,9,2,0,837,4,34,1,2025,2,20
Urban,7,9,7,2,392,4,4,1,2025,2,21
Semi-Urban,7,3,1,1,292,2,33,1,2025,2,22
Semi-Urban,1,4,6,1,950,4,43,2,2025,2,23
Semi-Urban,4,2,6,1,916,5,37,1,2025,2,24
Semi-Urban,2,10,3,1,944,3,2,1,2025,2,25
Urban,2,3,2,2,710,5,27,1,2025,2,26
Semi-Urban,2,5,2,2,595,1,45,1,2025,2,27
Urban,4,5,9,2,528,4,17,1,2025,2,28
Semi-Urban,1,6,5,2,151,3,31,1,2025,3,1
Urban,4,7,7,1,874,6,41,2,2025,3,2
Rural,2,7,5,2,943,4,6,1,2025,3,3
Urban,5,1,7,1,803,3,31,1,2025,3,4
Urban,3,2,4,2,338,2,3,0,2025,3,5
Urban,8,9,8,0,863,3,40,2,2025,3,6
Semi-Urban,4,10,10,2,968,3,3,1,2025,3,7
Semi-Urban,1,2,10,2,872,1,33,1,2025,3,8
Urban,1,6,7,2,640,2,13,1,2025,3,9
Urban,10,1,10,1,804,3,21,1,2025,3,10
Semi-Urban,3,3,5,2,187,4,37,1,2025,3,11
Urban,9,2,6,0,416,3,16,1,2025,3,12
Rural,7,3,5,0,199,1,21,1,2025,3,13
Semi-Urban,2,5,7,1,77,1,48,2,2025,3,14
Urban,9,10,2,2,499,1,44,1,2025,3,15
Urban,10,6,5,1,952,4,13,1,2025,3,16
Rural,2,9,10,1,610,2,4,2,2025,3,17
Urban,3,10,3,2,479,4,31,1,2025,3,18
Urban,10,4,9,2,80,2,9,0,2025,3,19
Rural,2,7,6,2,388,3,48,1,2025,3,20
Rural,3,6,10,2,140,5,33,1,2025,3,21
Rural,6,2,3,2,738,4,37,1,2025,3,22
Semi-Urban,9,10,7,0,565,3,37,2,2025,3,23
Urban,9,8,4,2,601,1,24,0,2025,3,24
Urban,7,7,3,2,36,4,25,0,2025,3,25
Semi-Urban,3,7,8,0,515,4,41,2,2025,3,26
Semi-Urban,4,8,4,2,516,3,29,1,2025,3,27
Urban,6,1,1,1,524,4,40,1,2025,3,28
Rural,5,1,6,2,551,4,47,1,2025,3,29
Urban,2,8,10,2,988,3,36,2,2025,3,30
Semi-Urban,6,4,1,2,334,1,15,0,2025,3,31
Urban,3,5,5,2,88,1,45,1,2025,4,1
Semi-Urban,8,8,7,2,746,4,18,1,2025,4,2
Urban,2,5,6,1,180,4,20,1,2025,4,3
Urban,1,10,2,2,633,3,5,1,2025,4,4
Urban,9,4,4,1,907,2,18,1,2025,4,5
Semi-Urban,3,6,2,2,737,3,40,1,2025,4,6
Semi-Urban,1,5,1,2,164,3,1,0,2025,4,7
Semi-Urban,7,7,3,2,588,4,19,1,2025,4,8
Rural,10,10,3,2,614,3,23,0,2025,4,9
Urban,5,7,7,1,404,0,26,1,2025,4,10
Urban,5,4,1,0,288,5,29,1,2025,4,11
Rural,1,5,9,1,942,2,34,2,2025,4,12
Urban,9,3,6,2,473,2,19,0,2025,4,13
Rural,7,4,4,2,718,3,48,1,2025,4,14
Urban,8,4,3,2,537,2,18,0,2025,4,15
Rural,9,3,3,1,884,2,2,0,2025,4,16
Urban,6,10,2,2,369,2,27,1,2025,4,17
Rural,5,5,2,2,129,1,6,0,2025,4,18
Semi-Urban,6,5,10,2,502,3,39,1,2025,4,19
Rural,2,7,5,2,426,4,6,1,2025,4,20
Urban,4,4,9,2,669,1,6,1,2025,4,21
Semi-Urban,3,4,2,2,70,2,31,1,2025,4,22
Rural,7,9,2,1,422,3,41,1,2025,4,23
Semi-Urban,9,6,6,0,582,2,40,1,2025,4,24
Semi-Urban,5,4,10,2,495,4,30,1,2025,4,25
Semi-Urban,6,2,2,2,106,0,21,0,2025,4,26
Semi-Urban,10,6,4,2,87,4,41,0,2025,4,27
Semi-Urban,2,2,6,0,615,2,44,2,2025,4,28
Semi-Urban,3,5,5,0,998,7,18,2,2025,4,29
Rural,3,6,1,0,61,4,23,1,2025,4,30
Urban,9,4,6,1,750,2,38,1,2025,5,1
Urban,7,3,1,2,76,2,23,0,2025,5,2
Rural,8,7,3,1,757,6,28,1,2025,5,3
Rural,10,2,10,2,215,2,36,1,2025,5,4
Semi-Urban,9,6,5,2,779,8,25,1,2025,5,5
Semi-Urban,6,4,10,1,697,3,7,1,2025,5,6
Urban,4,6,5,2,81,2,18,1,2025,5,7
Urban,1,4,10,2,282,2,20,1,2025,5,8
Semi-Urban,8,4,6,2,131,4,5,0,2025,5,9
Urban,7,4,10,2,784,4,18,1,2025,5,10
Semi-Urban,2,9,8,1,730,6,42,2,2025,5,11
Urban,8,7,5,2,197,4,40,1,2025,5,12
Rural,5,3,1,2,967,4,33,1,2025,5,13
Rural,7,3,5,2,45,5,15,0,2025,5,14
Semi-Urban,4,6,3,2,429,3,35,1,2025,5,15
Semi-Urban,5,6,4,2,777,2,47,1,2025,5,16
Urban,8,4,8,2,550,3,46,1,2025,5,17
Rural,1,9,7,2,796,2,1,1,2025,5,18
Semi-Urban,1,4,5,1,336,2,21,1,2025,5,19
Urban,4,9,2,0,551,8,8,1,2025,5,20
Rural,3,4,6,2,125,2,7,1,2025,5,21
Rural,10,2,6,2,768,4,41,1,2025,5,22
Rural,2,2,10,2,837,8,44,2,2025,5,23
Semi-Urban,3,5,10,1,483,5,40,2,2025,5,24
Semi-Urban,1,4,6,2,265,7,40,1,2025,5,25
Urban,1,7,9,1,100,3,30,2,2025,5,26
Rural,6,5,8,1,681,1,38,1,2025,5,27
Rural,5,6,8,0,928,2,35,2,2025,5,28
Urban,8,10,1,0,415,2,2,1,2025,5,29
Urban,2,4,5,2,541,2,46,1,2025,5,30
Urban,4,2,7,2,852,6,8,1,2025,5,31
Rural,8,10,6,0,755,2,38,2,2025,6,1
Rural,6,9,5,2,945,5,4,1,2025,6,2
Urban,1,10,8,2,283,2,37,2,2025,6,3
Semi-Urban,4,7,3,2,680,4,21,1,2025,6,4
Urban,1,4,6,2,809,5,13,1,2025,6,5
Rural,2,3,5,1,293,1,9,1,2025,6,6
Rural,5,10,8,2,725,4,45,2,2025,6,7
Rural,8,3,4,2,963,1,29,1,2025,6,8
Semi-Urban,8,9,8,0,191,5,41,2,2025,6,9
Urban,3,5,10,1,284,6,24,2,2025,6,10
Urban,4,3,2,2,982,4,16,1,2025,6,11
Urban,10,5,9,2,841,3,12,1,2025,6,12
Rural,6,2,9,2,45,1,2,0,2025,6,13
Rural,10,4,10,2,488,1,19,0,2025,6,14
Rural,3,10,10,2,881,1,30,2,2025,6,15
Rural,2,2,6,2,495,3,16,1,2025,6,16
Semi-Urban,6,2,4,1,375,2,24,1,2025,6,17
Semi-Urban,5,8,4,2,45,0,13,0,2025,6,18
Rural,10,1,6,2,53,1,5,0,2025,6,19
Rural,5,7,5,2,283,6,23,1,2025,6,20
Urban,10,5,6,2,157,4,38,1,2025,6,21
Semi-Urban,5,8,7,1,835,2,31,2,2025,6,22
Urban,10,1,7,2,714,4,17,0,2025,6,23
Rural,5,7,9,2,894,5,3,1,2025,6,24
Semi-Urban,3,5,8,2,773,0,26,1,2025,6,25
Urban,7,4,6,0,585,0,13,1,2025,6,26
Semi-Urban,6,7,6,2,481,4,44,1,2025,6,27
Semi-Urban,4,10,5,2,187,3,38,1,2025,6,28
Urban,2,2,1,2,650,4,22,1,2025,6,29
Urban,9,1,9,1,674,1,21,1,2025,6,30
Semi-Urban,1,1,9,2,100,3,29,1,2025,7,1
Semi-Urban,4,1,9,2,776,4,45,1,2025,7,2
Semi-Urban,1,5,8,2,933,2,46,2,2025,7,3
Semi-Urban,6,10,10,2,883,5,39,2,2025,7,4
Rural,4,7,3,1,889,2,5,1,2025,7,5
Semi-Urban,5,2,1,1,426,4,14,1,2025,7,6
Semi-Urban,5,10,8,2,593,2,18,1,2025,7,7
Rural,9,8,7,2,65,3,4,0,2025,7,8
Urban,1,4,5,2,618,3,33,1,2025,7,9
Urban,2,3,10,2,630,0,39,1,2025,7,10
Urban,6,10,7,2,826,5,20,1,2025,7,11
Semi-Urban,5,8,10,2,930,5,13,1,2025,7,12
Semi-Urban,7,2,4,2,72,2,36,0,2025,7,13
Semi-Urban,3,3,9,2,723,2,45,1,2025,7,14
Urban,3,3,10,0,978,1,4,2,2025,7,15
Urban,10,10,2,1,495,0,35,1,2025,7,16
Urban,2,1,9,0,611,5,8,2,2025,7,17
Urban,3,6,9,2,35,2,40,1,2025,7,18
Semi-Urban,10,2,5,0,379,5,47,1,2025,7,19
Urban,1,1,1,2,506,3,36,1,2025,7,20
Urban,5,2,7,2,857,1,6,1,2025,7,21
Rural,5,6,10,1,725,1,22,1,2025,7,22
Urban,7,4,10,2,521,4,6,1,2025,7,23
Semi-Urban,4,6,4,2,160,5,42,1,2025,7,24
Semi-Urban,3,9,9,2,639,1,36,2,2025,7,25
Urban,1,10,6,2,834,0,9,1,2025,7,26
Semi-Urban,8,10,3,2,796,1,16,1,2025,7,27
Rural,3,8,6,2,466,7,39,1,2025,7,28
Rural,2,1,10,1,309,4,46,2,2025,7,29
Urban,4,8,6,2,228,5,38,1,2025,7,30
Rural,3,9,5,2,494,2,33,1,2025,7,31
Semi-Urban,1,6,2,2,432,4,18,1,2025,8,1
Urban,3,10,10,2,696,4,12,1,2025,8,2
Semi-Urban,2,5,10,0,446,0,27,2,2025,8,3
Rural,8,6,2,2,873,3,47,1,2025,8,4
Semi-Urban,6,6,7,2,390,3,1,1,2025,8,5
Urban,9,9,2,2,851,5,15,0,2025,8,6
Semi-Urban,8,4,6,1,683,3,47,1,2025,8,7
Urban,10,2,5,1,986,5,27,1,2025,8,8
Urban,3,9,4,2,309,4,16,1,2025,8,9
Urban,5,2,7,2,451,0,21,1,2025,8,10
Urban,7,10,8,2,287,2,1,1,2025,8,11
Urban,5,9,4,2,170,1,29,1,2025,8,12
Urban,8,2,1,2,738,3,3,0,2025,8,13
Semi-Urban,5,8,1,1,274,5,12,1,2025,8,14
Urban,1,9,1,2,372,6,28,1,2025,8,15
Urban,5,10,1,1,396,2,39,1,2025,8,16
Rural,4,9,5,2,672,2,37,1,2025,8,17
Semi-Urban,6,10,4,2,874,6,31,1,2025,8,18
Semi-Urban,3,9,9,2,377,9,31,2,2025,8,19
Urban,5,2,3,2,627,3,33,1,2025,8,20
Urban,2,4,7,2,960,0,33,1,2025,8,21
Urban,6,7,8,2,389,3,47,1,2025,8,22
Urban,6,2,6,2,246,1,40,1,2025,8,23
Urban,5,1,10,2,724,3,11,1,2025,8,24
Urban,6,3,1,2,322,3,46,1,2025,8,25
Urban,7,4,8,2,845,2,29,1,2025,8,26
Urban,5,8,10,2,408,0,25,1,2025,8,27
Semi-Urban,1,6,3,2,396,4,13,1,2025,8,28
Urban,8,2,8,2,992,3,44,1,2025,8,29
Urban,4,9,4,2,137,2,19,1,2025,8,30
Semi-Urban,9,2,8,1,24,1,36,1,2025,8,31
Semi-Urban,10,5,1,1,463,3,28,0,2025,9,1
Urban,6,4,3,2,371,0,4,0,2025,9,2
Semi-Urban,1,7,6,2,774,4,3,1,2025,9,3
Semi-Urban,3,8,9,2,552,4,38,2,2025,9,4
Urban,3,5,2,1,683,1,37,1,2025,9,5
Rural,10,10,1,2,659,3,43,1,2025,9,6
Rural,4,5,10,2,143,3,25,1,2025,9,7
Urban,6,2,3,1,677,3,41,1,2025,9,8
Urban,7,8,4,2,296,6,35,1,2025,9,9
Rural,10,2,5,2,841,5,29,0,2025,9,10
Semi-Urban,4,10,3,2,413,5,41,1,2025,9,11
Urban,6,6,10,2,683,3,29,1,2025,9,12
Urban,1,8,2,1,379,2,12,1,2025,9,13
Urban,8,6,2,1,642,5,35,1,2025,9,14
Semi-Urban,7,4,7,2,488,5,20,1,2025,9,15
Semi-Urban,9,4,9,2,647,6,17,1,2025,9,16
Urban,3,6,10,2,719,1,12,1,2025,9,17
Semi-Urban,2,4,2,2,76,4,36,1,2025,9,18
Semi-Urban,1,8,7,2,270,1,10,1,2025,9,19
Urban,3,9,7,2,915,1,18,1,2025,9,20
Urban,5,1,7,2,938,4,30,1,2025,9,21
Semi-Urban,2,4,3,2,169,5,8,1,2025,9,22
Rural,3,4,7,2,471,2,41,1,2025,9,23
Semi-Urban,4,2,1,2,181,1,13,0,2025,9,24
Semi-Urban,7,6,10,2,139,5,31,1,2025,9,25
Urban,3,3,1,2,601,5,6,0,2025,9,26
Urban,9,7,5,2,943,1,7,0,2025,9,27
Semi-Urban,8,5,2,2,370,3,21,0,2025,9,28
Urban,4,4,9,2,118,7,38,1,2025,9,29
Urban,1,5,7,2,186,3,43,1,2025,9,30
Urban,1,8,4,2,829,2,28,1,2025,10,1
Urban,1,3,4,2,682,2,44,1,2025,10,2
Urban,1,7,2,2,857,5,21,1,2025,10,3
Urban,8,6,5,1,995,2,21,1,2025,10,4
Urban,3,1,4,2,533,2,24,1,2025,10,5
Urban,6,7,1,2,683,3,27,1,2025,10,6
Rural,3,7,8,2,420,2,27,1,2025,10,7
Semi-Urban,5,1,3,2,384,3,13,0,2025,10,8
Semi-Urban,7,9,6,2,596,2,29,1,2025,10,9
Semi-Urban,2,6,4,2,345,2,39,1,2025,10,10
Semi-Urban,6,2,9,2,600,0,28,1,2025,10,11
Urban,6,5,7,2,652,7,37,1,2025,10,12
Semi-Urban,3,4,9,2,640,5,29,1,2025,10,13
Semi-Urban,6,7,10,2,847,1,48,1,2025,10,14
Semi-Urban,10,8,3,1,266,1,22,1,2025,10,15
Urban,10,1,1,2,453,2,36,0,2025,10,16
Urban,5,5,5,1,112,3,30,1,2025,10,17
Urban,2,3,3,1,287,2,28,1,2025,10,18
Urban,9,1,6,2,634,3,23,0,2025,10,19
Semi-Urban,8,3,8,2,962,4,33,1,2025,10,20
Semi-Urban,3,6,4,2,982,3,4,1,2025,10,21
Urban,8,7,5,1,643,9,3,1,2025,10,22
Rural,9,8,5,1,340,3,32,1,2025,10,23
Semi-Urban,3,4,4,2,942,4,4,1,2025,10,24
Urban,3,3,4,1,835,1,1,1,2025,10,25
Urban,2,5,4,2,875,4,12,1,2025,10,26
Urban,8,9,4,2,81,1,13,0,2025,10,27
Urban,10,6,4,0,319,4,34,1,2025,10,28
Urban,1,9,5,1,422,2,29,2,2025,10,29
Urban,8,6,2,2,974,5,9,0,2025,10,30
Urban,7,2,2,1,667,3,31,1,2025,10,31
Urban,7,5,9,0,586,4,7,1,2025,11,1
Rural,3,9,2,1,639,1,13,1,2025,11,2
Urban,1,8,6,1,322,2,2,1,2025,11,3
Semi-Urban,4,7,2,1,789,3,33,1,2025,11,4
Urban,9,1,5,2,272,6,7,0,2025,11,5
Rural,5,4,4,1,753,5,18,1,2025,11,6
Urban,1,7,7,2,497,4,8,1,2025,11,7
Urban,5,7,7,1,388,3,12,1,2025,11,8
Rural,8,6,6,2,698,5,43,1,2025,11,9
Rural,8,8,10,2,960,3,30,1,2025,11,10
Rural,5,6,5,2,179,3,9,1,2025,11,11
Urban,9,10,1,2,980,5,28,1,2025,11,12
Urban,1,3,3,2,185,5,4,1,2025,11,13
Semi-Urban,4,4,9,0,224,3,39,2,2025,11,14
Rural,3,3,1,0,286,4,17,1,2025,11,15
Semi-Urban,2,1,5,2,157,2,11,0,2025,11,16
Semi-Urban,8,10,2,0,387,2,2,1,2025,11,17
Urban,7,5,4,1,462,1,23,1,2025,11,18
Semi-Urban,9,1,1,2,877,3,22,0,2025,11,19
Urban,2,1,3,2,779,4,26,1,2025,11,20
Urban,4,2,10,0,586,1,12,1,2025,11,21
Urban,6,4,7,2,935,3,32,1,2025,11,22
Semi-Urban,3,6,10,1,740,5,9,2,2025,11,23
Urban,8,8,3,1,36,1,43,1,2025,11,24
Urban,3,3,4,1,87,4,5,1,2025,11,25
Semi-Urban,2,1,2,2,152,1,26,0,2025,11,26
Urban,3,3,3,2,719,9,7,1,2025,11,27
Semi-Urban,6,3,9,2,938,2,29,1,2025,11,28
Urban,2,5,3,2,449,0,33,1,2025,11,29
Semi-Urban,8,4,5,2,327,2,24,0,2025,11,30
Semi-Urban,1,4,2,2,669,3,25,1,2025,12,1
Urban,7,9,4,2,193,1,31,1,2025,12,2
Urban,2,7,7,1,431,2,29,2,2025,12,3
Urban,10,4,7,2,116,4,5,0,2025,12,4
Urban,6,3,3,2,702,1,38,1,2025,12,5
Rural,2,6,5,2,173,2,45,1,2025,12,6
Urban,2,3,1,2,714,2,11,1,2025,12,7
Rural,10,6,10,2,261,0,32,1,2025,12,8
Urban,8,9,10,1,323,2,8,1,2025,12,9
Semi-Urban,2,6,10,2,304,4,20,1,2025,12,10
Semi-Urban,7,4,1,1,46,5,34,1,2025,12,11
Semi-Urban,3,5,5,2,421,3,47,1,2025,12,12
Semi-Urban,8,6,10,1,379,6,42,2,2025,12,13
Urban,7,3,9,1,79,2,8,1,2025,12,14
Urban,8,8,1,0,221,3,2,1,2025,12,15
Rural,7,4,1,1,781,4,21,1,2025,12,16
Rural,6,8,4,0,893,5,15,2,2025,12,17
Rural,7,10,4,1,600,1,6,1,2025,12,18
Urban,5,10,2,2,989,3,5,1,2025,12,19
Semi-Urban,7,3,9,2,389,1,3,0,2025,12,20
Rural,1,10,9,2,552,4,43,2,2025,12,21
Urban,1,7,2,2,171,4,43,1,2025,12,22
Urban,9,9,9,2,121,3,16,1,2025,12,23
Semi-Urban,5,4,6,2,918,1,35,1,2025,12,24
Semi-Urban,5,8,8,1,626,3,9,1,2025,12,25
Rural,3,3,10,0,465,0,35,2,2025,12,26
Urban,5,7,4,2,892,2,19,1,2025,12,27
Semi-Urban,3,3,2,2,248,2,43,1,2025,12,28
Urban,9,7,2,0,144,8,46,1,2025,12,29
Urban,9,10,9,2,789,0,34,1,2025,12,30
Urban,6,10,1,1,853,0,39,1,2025,12,31
Rural,1,6,7,2,900,4,10,1,2026,1,1
Semi-Urban,7,2,3,2,957,1,10,0,2026,1,2
Semi-Urban,7,3,3,2,255,0,20,0,2026,1,3
Urban,10,6,2,1,181,4,1,0,2026,1,4
Rural,10,4,10,2,573,5,6,0,2026,1,5
Urban,4,6,6,2,807,4,46,1,2026,1,6
Rural,8,1,10,2,372,3,2,0,2026,1,7
Urban,6,10,2,2,87,5,38,1,2026,1,8
Urban,4,1,10,0,192,3,33,2,2026,1,9
Semi-Urban,4,3,4,1,862,1,3,1,2026,1,10
Urban,2,8,10,2,656,1,36,2,2026,1,11
Semi-Urban,2,8,9,2,701,0,13,1,2026,1,12
Semi-Urban,4,4,9,2,578,5,35,1,2026,1,13
Urban,5,6,6,1,280,3,15,1,2026,1,14
Rural,8,8,4,1,236,2,45,1,2026,1,15
Urban,6,7,7,2,836,2,22,1,2026,1,16
Semi-Urban,4,7,1,1,143,4,43,1,2026,1,17
Rural,7,4,4,2,824,3,4,0,2026,1,18
Semi-Urban,8,9,5,0,181,2,17,1,2026,1,19
Urban,2,10,8,0,220,3,5,2,2026,1,20
Rural,7,6,2,1,473,3,21,1,2026,1,21
Semi-Urban,2,3,5,1,421,2,24,1,2026,1,22
Urban,2,5,6,2,481,3,31,1,2026,1,23
Urban,8,5,5,1,294,2,40,1,2026,1,24
Semi-Urban,2,5,9,2,225,2,30,1,2026,1,25
Semi-Urban,9,8,10,2,59,3,42,1,2026,1,26
Semi-Urban,1,9,1,2,292,4,7,1,2026,1,27
Rural,9,9,3,1,719,5,7,1,2026,1,28
Semi-Urban,1,6,2,2,886,4,27,1,2026,1,29
Urban,10,6,3,2,112,3,24,0,2026,1,30
Urban,10,9,10,2,61,5,19,1,2026,1,31
Urban,2,4,9,2,484,2,41,1,2026,2,1
Semi-Urban,6,6,9,2,398,4,34,1,2026,2,2
Urban,6,4,10,1,126,3,22,1,2026,2,3
Semi-Urban,1,1,2,1,347,4,27,1,2026,2,4
Semi-Urban,7,7,3,2,84,4,6,0,2026,2,5
Rural,8,10,4,1,384,1,10,1,2026,2,6
Urban,2,6,9,1,840,2,45,2,2026,2,7
Rural,8,9,3,2,503,4,31,1,2026,2,8
Urban,9,7,7,1,666,3,25,1,2026,2,9
Rural,6,7,3,0,920,3,2,1,2026,2,10
Urban,5,2,7,2,43,6,10,1,2026,2,11
Urban,9,9,7,2,559,4,10,1,2026,2,12
Semi-Urban,9,10,9,0,81,6,26,2,2026,2,13
Urban,1,9,2,2,510,4,5,1,2026,2,14
Urban,3,6,6,2,292,1,22,1,2026,2,15
Semi-Urban,9,3,9,2,248,4,4,0,2026,2,16
Semi-Urban,2,1,2,2,39,3,34,1,2026,2,17
Semi-Urban,4,4,2,1,22,5,7,1,2026,2,18
Semi-Urban,4,3,5,2,440,3,17,1,2026,2,19
Semi-Urban,2,1,10,2,749,2,11,1,2026,2,20
Urban,3,3,10,2,930,1,8,1,2026,2,21
Urban,3,4,10,2,326,2,28,1,2026,2,22
Urban,1,8,8,2,451,5,44,2,2026,2,23
Rural,6,9,9,2,155,2,33,1,2026,2,24
Semi-Urban,8,3,2,1,928,5,25,1,2026,2,25
Urban,3,6,5,2,963,4,21,1,2026,2,26
Semi-Urban,5,10,7,2,534,1,12,1,2026,2,27
Rural,1,5,6,2,212,2,26,1,2026,2,28
Urban,10,6,6,2,604,1,29,1,2026,3,1
Semi-Urban,7,4,7,2,434,2,38,1,2026,3,2
Semi-Urban,10,10,3,2,892,2,35,1,2026,3,3
Semi-Urban,1,6,3,1,137,3,37,1,2026,3,4
Urban,9,7,10,2,685,3,46,1,2026,3,5
Rural,8,9,9,1,228,6,44,2,2026,3,6
Rural,7,10,8,2,971,6,45,2,2026,3,7
Semi-Urban,10,7,5,0,53,2,45,1,2026,3,8
Semi-Urban,7,6,6,2,668,4,29,1,2026,3,9
Rural,5,1,10,1,337,5,24,1,2026,3,10
Semi-Urban,5,2,1,2,139,3,15,0,2026,3,11
Urban,5,1,10,2,646,3,6,1,2026,3,12
Semi-Urban,1,9,1,2,544,3,32,1,2026,3,13
Semi-Urban,8,10,4,0,600,5,44,2,2026,3,14
Urban,1,10,2,2,956,2,34,1,2026,3,15
Semi-Urban,4,9,7,2,864,3,36,1,2026,3,16
Rural,9,7,2,1,788,3,20,1,2026,3,17
Rural,9,2,10,2,108,3,12,0,2026,3,18
Semi-Urban,5,6,2,1,531,2,35,1,2026,3,19
Urban,4,4,5,2,66,3,38,1,2026,3,20
Rural,3,1,4,1,791,2,17,1,2026,3,21
Rural,3,1,8,2,759,5,27,1,2026,3,22
Urban,5,5,4,2,978,4,17,1,2026,3,23
Rural,10,2,6,2,711,4,11,0,2026,3,24
Rural,1,4,5,1,541,2,39,2,2026,3,25
Semi-Urban,5,1,2,2,303,3,2,0,2026,3,26
Semi-Urban,6,4,8,2,396,5,2,1,2026,3,27
Urban,7,6,2,0,657,2,29,1,2026,3,28
Urban,9,10,9,2,153,5,45,1,2026,3,29
Urban,3,4,9,1,686,0,24,1,2026,3,30
Rural,2,1,3,0,267,2,24,1,2026,3,31
Urban,3,7,4,1,671,0,16,1,2026,4,1
Urban,9,2,8,1,337,1,31,1,2026,4,2
Urban,7,9,9,2,455,3,43,1,2026,4,3
Semi-Urban,9,3,3,2,195,4,9,0,2026,4,4
Rural,2,8,5,1,854,3,27,2,2026,4,5
Urban,5,8,8,2,705,6,41,2,2026,4,6
Urban,4,3,3,2,605,3,14,1,2026,4,7
Semi-Urban,2,4,7,1,370,3,45,2,2026,4,8
Semi-Urban,9,2,8,2,162,5,25,0,2026,4,9
Urban,9,4,10,0,986,5,43,2,2026,4,10
Semi-Urban,6,9,3,1,823,1,44,1,2026,4,11
Urban,6,2,2,1,417,3,22,1,2026,4,12
Urban,8,3,10,1,643,3,35,1,2026,4,13
Semi-Urban,6,4,7,1,737,4,33,1,2026,4,14
Urban,1,5,9,1,662,6,27,2,2026,4,15
Rural,4,1,1,2,388,4,40,1,2026,4,16
Urban,7,7,3,2,520,5,26,1,2026,4,17
Semi-Urban,2,10,5,1,641,4,19,2,2026,4,18
Semi-Urban,9,7,3,1,389,3,45,1,2026,4,19
Urban,8,9,1,2,598,2,39,1,2026,4,20
Semi-Urban,8,4,7,2,401,3,45,1,2026,4,21
Urban,7,6,7,2,105,2,26,1,2026,4,22
Rural,4,2,10,2,806,4,6,1,2026,4,23
Urban,2,4,8,0,758,3,3,2,2026,4,24
Urban,3,2,5,0,479,2,6,1,2026,4,25
Urban,6,10,10,2,969,4,28,2,2026,4,26
Rural,5,5,5,2,344,1,3,0,2026,4,27
Semi-Urban,8,7,5,2,541,3,13,0,2026,4,28
Semi-Urban,6,1,1,1,508,3,13,0,2026,4,29
Urban,6,10,10,2,948,3,13,1,2026,4,30
Semi-Urban,1,10,5,2,416,4,1,1,2026,5,1
Urban,4,7,6,2,915,0,40,1,2026,5,2
Rural,5,10,1,2,374,2,37,1,2026,5,3
Urban,3,6,7,2,966,2,31,1,2026,5,4
Urban,9,6,1,2,307,2,17,0,2026,5,5
Urban,1,8,2,2,478,5,9,1,2026,5,6
Semi-Urban,6,8,2,2,643,2,45,1,2026,5,7
Semi-Urban,6,6,5,2,555,2,13,1,2026,5,8
Urban,10,3,10,1,310,2,37,1,2026,5,9
Semi-Urban,5,5,7,1,870,3,14,1,2026,5,10
Semi-Urban,5,2,1,1,857,3,11,1,2026,5,11
Semi-Urban,10,5,10,0,187,5,25,1,2026,5,12
Urban,5,9,1,2,969,3,31,1,2026,5,13
Urban,6,10,1,2,640,2,14,1,2026,5,14
Semi-Urban,8,1,6,2,447,6,7,0,2026,5,15
Urban,2,10,2,1,721,5,24,2,2026,5,16
Urban,6,5,1,0,509,4,36,1,2026,5,17
Rural,1,6,6,2,374,3,42,1,2026,5,18
Rural,4,7,2,2,215,3,42,1,2026,5,19
Urban,10,9,6,2,564,1,47,1,2026,5,20
Urban,3,6,10,1,736,2,44,2,2026,5,21
Semi-Urban,9,5,8,2,843,5,41,1,2026,5,22
Urban,3,7,2,2,951,2,3,1,2026,5,23
Urban,6,1,9,2,713,5,47,1,2026,5,24
Urban,1,5,8,2,678,5,44,2,2026,5,25
Semi-Urban,6,2,10,1,958,2,26,1,2026,5,26
Semi-Urban,4,4,1,2,799,5,47,1,2026,5,27
Urban,8,7,7,1,30,5,26,1,2026,5,28
Urban,9,5,10,2,601,2,1,0,2026,5,29
Urban,4,6,6,1,275,4,15,1,2026,5,30
Semi-Urban,10,2,6,1,415,1,11,0,2026,5,31
Urban,10,3,6,2,750,3,37,1,2026,6,1
Urban,6,7,6,2,828,6,7,1,2026,6,2
Semi-Urban,1,2,10,1,428,4,12,1,2026,6,3
Urban,4,6,7,2,381,2,38,1,2026,6,4
Semi-Urban,7,5,3,1,278,6,3,1,2026,6,5
Urban,1,10,6,1,22,5,42,2,2026,6,6
Urban,8,1,3,1,103,4,26,0,2026,6,7
Urban,10,10,7,2,175,7,30,1,2026,6,8
Semi-Urban,6,4,7,2,682,5,32,1,2026,6,9
Rural,5,2,8,2,195,4,36,1,2026,6,10
Rural,10,4,2,2,726,3,45,0,2026,6,11
Urban,9,1,9,1,957,2,37,1,2026,6,12
Semi-Urban,2,2,5,1,491,3,18,1,2026,6,13
Urban,5,8,9,2,638,3,1,1,2026,6,14
Urban,6,6,10,1,443,3,21,1,2026,6,15
Rural,7,2,5,2,153,3,28,0,2026,6,16
Urban,5,6,7,2,807,0,48,1,2026,6,17
Urban,9,10,9,0,926,6,16,2,2026,6,18
Urban,1,9,4,0,883,3,48,2,2026,6,19
Urban,7,7,2,2,399,4,28,1,2026,6,20
Urban,10,9,9,0,686,0,22,1,2026,6,21
Semi-Urban,7,5,2,2,296,1,19,0,2026,6,22
Urban,4,7,3,2,255,2,48,1,2026,6,23
Rural,9,7,10,2,771,1,1,1,2026,6,24
Rural,5,3,2,0,901,4,31,1,2026,6,25
Urban,4,7,3,2,32,2,42,1,2026,6,26
Urban,7,1,6,2,361,4,34,1,2026,6,27
Urban,4,9,3,2,54,4,46,1,2026,6,28
Semi-Urban,3,10,10,1,578,2,40,2,2026,6,29
Urban,9,6,8,2,233,5,6,0,2026,6,30
Semi-Urban,8,5,6,2,431,5,28,1,2026,7,1
Urban,1,7,7,2,424,1,3,1,2026,7,2
Semi-Urban,7,5,1,2,513,5,31,1,2026,7,3
Urban,9,10,3,1,677,2,16,1,2026,7,4
Urban,8,5,3,2,178,1,17,0,2026,7,5
Rural,8,10,2,1,975,5,44,1,2026,7,6
Semi-Urban,6,7,7,2,656,6,27,1,2026,7,7
Urban,4,10,9,1,129,1,24,2,2026,7,8
Rural,8,7,4,2,568,5,20,1,2026,7,9
Semi-Urban,3,3,5,2,808,3,32,1,2026,7,10
Rural,9,3,3,2,545,0,35,0,2026,7,11
Semi-Urban,2,10,9,1,366,1,13,2,2026,7,12
Urban,2,3,4,1,763,5,48,2,2026,7,13
Urban,7,6,5,2,847,2,43,1,2026,7,14
Urban,10,6,1,1,655,3,20,0,2026,7,15
Semi-Urban,4,3,2,2,298,3,48,1,2026,7,16
Semi-Urban,10,3,9,2,498,4,2,0,2026,7,17
Urban,8,8,2,2,130,3,4,0,2026,7,18
Urban,9,8,5,2,655,4,27,1,2026,7,19
Rural,7,7,8,1,944,3,25,1,2026,7,20
Rural,5,10,3,2,450,7,4,1,2026,7,21
Semi-Urban,8,4,6,2,561,3,32,1,2026,7,22
Urban,4,4,4,2,134,3,17,1,2026,7,23
Urban,2,3,7,2,109,1,1,1,2026,7,24
Urban,6,5,10,2,231,3,33,1,2026,7,25
Rural,9,3,3,2,569,2,30,0,2026,7,26
Urban,1,8,6,2,614,5,5,1,2026,7,27
Semi-Urban,10,7,10,2,558,6,12,1,2026,7,28
Urban,7,3,9,2,748,4,38,1,2026,7,29
Semi-Urban,10,9,10,2,379,4,32,1,2026,7,30
Semi-Urban,9,5,1,2,505,2,38,0,2026,7,31
Rural,10,9,3,2,391,3,17,0,2026,8,1
Urban,9,7,2,2,234,5,45,1,2026,8,2
Urban,10,7,8,2,752,2,40,1,2026,8,3
Urban,3,6,7,2,34,3,32,1,2026,8,4
Rural,5,2,2,2,974,3,24,1,2026,8,5
Rural,8,9,6,2,278,3,12,1,2026,8,6
Semi-Urban,8,6,3,2,797,4,47,1,2026,8,7
Semi-Urban,4,8,8,2,482,3,31,1,2026,8,8
Semi-Urban,1,1,10,0,139,0,19,2,2026,8,9
Urban,1,5,3,2,995,3,29,1,2026,8,10
Rural,4,1,10,2,932,2,21,1,2026,8,11
Urban,6,10,9,1,147,6,26,2,2026,8,12
Urban,8,8,1,2,742,1,28,0,2026,8,13
Semi-Urban,6,8,5,1,542,2,17,1,2026,8,14
Urban,9,1,3,2,707,2,9,0,2026,8,15
Urban,9,9,6,0,664,1,21,1,2026,8,16
Semi-Urban,2,2,10,2,344,4,34,1,2026,8,17
Urban,10,9,2,2,339,5,11,0,2026,8,18
Semi-Urban,1,1,9,1,525,2,20,1,2026,8,19
Urban,2,10,6,2,545,4,47,2,2026,8,20
Urban,5,9,7,2,69,4,39,1,2026,8,21
Urban,4,4,5,1,941,3,16,1,2026,8,22
Urban,4,9,9,2,603,4,29,1,2026,8,23
Semi-Urban,9,7,1,2,88,2,1,0,2026,8,24
Urban,8,6,5,2,410,2,18,0,2026,8,25
Semi-Urban,6,5,10,2,402,3,22,1,2026,8,26
Semi-Urban,1,9,6,1,35,3,8,1,2026,8,27
Semi-Urban,2,2,7,0,458,2,7,1,2026,8,28
Rural,6,2,4,2,865,2,25,1,2026,8,29
Semi-Urban,2,9,1,2,888,6,30,1,2026,8,30
Urban,10,3,8,2,587,2,34,1,2026,8,31
Urban,5,8,10,2,636,4,44,2,2026,9,1
Urban,5,9,4,0,151,2,48,2,2026,9,2
Semi-Urban,6,8,3,2,579,4,41,1,2026,9,3
Urban,6,4,7,2,267,3,11,1,2026,9,4
Semi-Urban,6,1,2,1,292,0,15,0,2026,9,5
Semi-Urban,2,4,8,1,642,4,35,2,2026,9,6
Urban,10,9,6,2,951,2,23,1,2026,9,7
Semi-Urban,3,2,7,2,857,2,45,1,2026,9,8
Urban,6,3,5,2,867,3,21,1,2026,9,9
Urban,8,10,9,0,368,6,28,2,2026,9,10
Semi-Urban,1,8,5,2,503,5,13,1,2026,9,11
Semi-Urban,1,6,5,2,569,5,34,1,2026,9,12
Semi-Urban,2,8,3,2,376,0,38,1,2026,9,13
Urban,6,7,1,2,771,4,6,0,2026,9,14
Urban,9,5,2,2,337,4,44,0,2026,9,15
Rural,4,9,8,0,652,3,4,2,2026,9,16
Semi-Urban,3,4,1,1,67,4,5,1,2026,9,17
Semi-Urban,8,6,7,0,29,2,40,1,2026,9,18
Urban,10,2,5,2,252,2,6,0,2026,9,19
Semi-Urban,9,2,3,1,55,1,21,0,2026,9,20
Urban,5,2,7,1,432,5,28,1,2026,9,21
Urban,9,10,9,2,481,2,3,1,2026,9,22
Rural,2,7,2,2,23,0,23,1,2026,9,23
Urban,3,2,8,2,63,3,8,1,2026,9,24
Rural,7,2,9,1,587,3,19,1,2026,9,25
Urban,7,9,3,2,573,4,11,1,2026,9,26
Urban,6,7,2,0,274,2,10,1,2026,9,27
Semi-Urban,6,3,7,2,759,4,28,1,2026,9,28
Rural,2,3,5,1,133,4,20,1,2026,9,29
Semi-Urban,10,7,5,2,768,0,44,1,2026,9,30
Rural,6,5,10,1,416,1,28,1,2026,10,1
Semi-Urban,4,10,5,2,193,4,29,1,2026,10,2
Semi-Urban,3,6,4,0,274,1,8,1,2026,10,3
Rural,2,8,5,2,485,3,19,1,2026,10,4
Urban,1,9,4,2,948,2,48,2,2026,10,5
Semi-Urban,5,1,6,2,296,3,21,1,2026,10,6
Urban,2,3,4,2,483,0,18,1,2026,10,7
Rural,2,7,2,2,866,0,9,1,2026,10,8
Rural,7,6,9,2,521,4,4,1,2026,10,9
Urban,8,7,2,1,460,1,41,1,2026,10,10
Semi-Urban,10,8,9,2,88,2,25,1,2026,10,11
Rural,8,6,10,2,528,1,34,1,2026,10,12
Urban,4,3,6,2,345,5,9,1,2026,10,13
Semi-Urban,1,2,9,2,761,1,9,1,2026,10,14
Rural,7,7,9,0,86,3,18,1,2026,10,15
Urban,1,1,3,2,323,2,11,0,2026,10,16
Semi-Urban,4,3,1,0,991,3,13,1,2026,10,17
Urban,8,4,1,2,503,1,38,0,2026,10,18
Rural,2,1,3,2,948,5,9,1,2026,10,19
Rural,6,5,5,1,567,1,16,1,2026,10,20
Rural,6,10,3,2,436,3,4,1,2026,10,21
Semi-Urban,9,3,9,2,178,4,34,1,2026,10,22
Rural,5,2,9,2,168,4,7,1,2026,10,23
Rural,10,3,3,1,46,1,15,0,2026,10,24
Urban,4,8,3,2,603,4,38,1,2026,10,25
Rural,5,6,5,2,267,1,11,0,2026,10,26
Urban,10,7,2,2,120,2,32,0,2026,10,27
Semi-Urban,5,6,6,2,721,3,27,1,2026,10,28
Urban,8,6,7,0,115,5,30,1,2026,10,29
Urban,10,3,9,2,403,3,17,0,2026,10,30
Urban,8,8,6,2,301,5,36,1,2026,10,31
Semi-Urban,2,7,3,1,341,1,19,1,2026,11,1
Urban,7,7,5,2,415,2,7,0,2026,11,2
Semi-Urban,8,6,4,2,297,2,43,1,2026,11,3
Urban,6,5,5,2,548,4,45,1,2026,11,4
Urban,5,10,8,2,282,1,21,1,2026,11,5
Semi-Urban,9,8,8,2,638,2,28,1,2026,11,6
Semi-Urban,3,5,6,2,599,1,3,1,2026,11,7
Urban,10,9,1,2,659,2,14,0,2026,11,8
Semi-Urban,4,9,8,2,312,4,2,1,2026,11,9
Rural,9,1,8,2,313,1,29,0,2026,11,10
Semi-Urban,6,6,2,2,627,8,18,1,2026,11,11
Urban,8,7,4,2,414,6,37,1,2026,11,12
Urban,7,3,2,0,532,4,45,1,2026,11,13
Rural,2,7,4,2,940,4,45,2,2026,11,14
Urban,3,7,10,1,829,2,24,2,2026,11,15
Rural,1,2,7,2,199,3,46,1,2026,11,16
Semi-Urban,9,7,9,1,939,5,12,1,2026,11,17
Rural,7,1,8,0,712,3,45,2,2026,11,18
Semi-Urban,1,5,9,2,254,3,32,1,2026,11,19
Rural,3,9,8,2,971,1,18,1,2026,11,20
Urban,4,7,2,2,850,3,13,1,2026,11,21
Semi-Urban,4,7,7,2,356,3,4,1,2026,11,22
Urban,5,2,2,2,27,3,23,0,2026,11,23
Semi-Urban,3,8,2,1,462,3,10,1,2026,11,24
Semi-Urban,3,3,4,2,960,2,5,1,2026,11,25
Rural,1,8,1,2,558,3,40,1,2026,11,26
Rural,7,3,5,2,839,3,14,0,2026,11,27
Semi-Urban,10,10,6,2,677,5,34,1,2026,11,28
Urban,1,7,9,0,110,1,28,2,2026,11,29
Urban,2,2,10,1,873,3,8,1,2026,11,30
Semi-Urban,4,4,8,2,291,5,16,1,2026,12,1
Urban,4,6,2,2,853,2,31,1,2026,12,2
Urban,5,9,1,2,24,2,7,0,2026,12,3
Urban,2,5,2,1,613,2,3,1,2026,12,4
Urban,4,9,7,2,918,3,29,1,2026,12,5
Urban,1,5,4,2,238,1,36,1,2026,12,6
Urban,2,10,10,1,137,2,39,2,2026,12,7
Urban,1,8,5,2,612,1,4,1,2026,12,8
Urban,10,1,7,1,995,2,9,1,2026,12,9
Rural,10,7,3,2,601,2,17,0,2026,12,10
Urban,4,4,10,0,134,2,20,2,2026,12,11
Urban,4,5,2,2,282,3,14,0,2026,12,12
Semi-Urban,7,6,7,2,325,2,46,1,2026,12,13
Urban,10,5,5,2,673,1,29,0,2026,12,14
Rural,9,1,1,1,441,4,13,0,2026,12,15
Semi-Urban,9,9,1,2,226,3,36,0,2026,12,16
Urban,5,2,9,2,642,3,45,1,2026,12,17
Urban,10,9,5,2,322,1,17,0,2026,12,18
Rural,1,10,1,2,131,7,47,1,2026,12,19
Rural,1,2,7,2,436,5,43,1,2026,12,20
Semi-Urban,6,9,9,1,574,1,4,1,2026,12,21
Semi-Urban,2,6,1,2,878,5,20,1,2026,12,22
Urban,8,9,10,2,304,3,11,1,2026,12,23
Rural,9,6,4,2,659,7,42,1,2026,12,24
Urban,4,6,3,2,204,2,22,1,2026,12,25
Rural,5,2,5,2,760,2,45,1,2026,12,26
Semi-Urban,8,8,7,2,920,2,8,1,2026,12,27
Semi-Urban,3,3,8,2,240,3,28,1,2026,12,28
Semi-Urban,5,7,2,2,883,3,45,1,2026,12,29
Urban,3,5,7,0,463,2,41,2,2026,12,30
Urban,10,3,1,2,136,2,30,0,2026,12,31
Urban,3,1,7,2,89,1,33,1,2027,1,1
Urban,3,8,8,1,917,4,33,2,2027,1,2
Semi-Urban,7,3,2,1,89,8,47,1,2027,1,3
Urban,7,2,9,2,641,5,36,1,2027,1,4
Urban,7,1,1,2,446,3,27,0,2027,1,5
Rural,10,4,6,1,663,4,20,1,2027,1,6
Rural,8,8,1,2,587,3,33,1,2027,1,7
Rural,5,3,3,2,462,3,25,1,2027,1,8
Rural,5,1,6,2,620,5,44,1,2027,1,9
Urban,4,4,3,2,156,4,43,1,2027,1,10
Urban,7,9,8,2,523,3,19,1,2027,1,11
Semi-Urban,10,1,5,1,150,1,47,1,2027,1,12
Semi-Urban,4,2,2,2,237,3,21,0,2027,1,13
Urban,2,9,4,2,707,6,42,2,2027,1,14
Rural,4,2,9,2,190,2,33,1,2027,1,15
Urban,8,3,4,2,494,1,3,0,2027,1,16
Urban,9,7,10,1,631,3,14,1,2027,1,17
Semi-Urban,3,3,10,2,148,4,15,1,2027,1,18
Semi-Urban,7,9,8,0,76,2,33,2,2027,1,19
Semi-Urban,9,6,5,2,200,1,42,1,2027,1,20
Urban,4,3,10,2,265,3,22,1,2027,1,21
Rural,10,9,1,1,163,2,1,0,2027,1,22
Urban,3,1,7,2,70,7,31,1,2027,1,23
Urban,5,10,3,2,387,3,47,1,2027,1,24
Rural,1,3,10,1,478,3,35,2,2027,1,25
Rural,3,1,8,2,237,6,20,1,2027,1,26
Rural,8,2,3,1,635,5,32,1,2027,1,27
Rural,8,8,1,0,914,5,12,1,2027,1,28
Semi-Urban,4,7,5,2,586,5,16,1,2027,1,29
Semi-Urban,2,2,2,2,276,7,8,1,2027,1,30
Urban,8,2,4,2,877,1,14,0,2027,1,31
Urban,8,9,1,2,175,4,18,0,2027,2,1
Urban,10,6,9,1,584,0,30,1,2027,2,2
Urban,4,5,6,1,461,4,33,1,2027,2,3
Semi-Urban,3,10,8,2,860,6,34,2,2027,2,4
Semi-Urban,2,6,4,2,975,2,44,1,2027,2,5
Urban,9,9,9,2,718,2,34,1,2027,2,6
Urban,1,7,2,2,895,3,7,1,2027,2,7
Semi-Urban,7,10,9,1,681,2,6,1,2027,2,8
Urban,5,10,5,2,795,7,6,1,2027,2,9
Rural,8,9,6,1,781,2,22,1,2027,2,10
Semi-Urban,4,4,3,2,964,4,8,1,2027,2,11
Semi-Urban,7,2,4,1,829,3,37,1,2027,2,12
Semi-Urban,5,8,6,2,942,2,15,1,2027,2,13
Rural,5,4,7,2,954,3,26,1,2027,2,14
Urban,9,9,1,2,742,2,39,1,2027,2,15
Semi-Urban,9,4,7,1,44,1,3,0,2027,2,16
Semi-Urban,9,8,1,2,825,3,10,0,2027,2,17
Urban,6,9,5,2,872,3,3,1,2027,2,18
Rural,6,9,6,2,683,0,30,1,2027,2,19
Semi-Urban,5,10,2,2,555,2,46,1,2027,2,20
Semi-Urban,9,4,10,2,783,3,22,1,2027,2,21
Rural,10,1,9,0,79,1,3,1,2027,2,22
Rural,8,3,10,2,486,2,1,0,2027,2,23
Semi-Urban,7,9,6,2,453,5,33,1,2027,2,24
Rural,7,4,7,2,898,4,19,1,2027,2,25
Semi-Urban,6,5,10,2,85,2,36,1,2027,2,26
Semi-Urban,5,7,8,2,929,3,34,1,2027,2,27
Semi-Urban,4,5,10,2,584,2,31,1,2027,2,28
Semi-Urban,3,4,1,2,947,2,43,1,2027,3,1
Urban,3,2,8,2,125,6,24,1,2027,3,2
Rural,6,2,4,1,115,2,12,0,2027,3,3
Rural,4,4,10,2,707,3,13,1,2027,3,4
Urban,6,10,8,0,570,2,16,2,2027,3,5
Rural,3,10,6,2,187,3,16,1,2027,3,6
Urban,4,9,9,2,61,4,20,1,2027,3,7
Urban,9,8,4,2,898,1,41,1,2027,3,8
Semi-Urban,5,3,2,2,123,2,48,1,2027,3,9
Urban,7,9,2,0,864,6,27,2,2027,3,10
Rural,10,5,5,1,223,1,39,1,2027,3,11
Rural,2,3,10,2,539,1,13,1,2027,3,12
Semi-Urban,5,5,9,2,994,3,4,1,2027,3,13
Urban,9,10,3,2,301,3,32,1,2027,3,14
Urban,3,4,8,2,927,1,45,1,2027,3,15
Semi-Urban,9,8,4,2,62,2,40,1,2027,3,16
Rural,6,5,6,0,966,2,34,2,2027,3,17
Semi-Urban,4,10,10,0,129,3,39,2,2027,3,18
Urban,7,8,6,0,229,4,43,2,2027,3,19
Semi-Urban,8,9,3,1,768,2,17,1,2027,3,20
Semi-Urban,6,4,5,2,887,4,24,1,2027,3,21
Semi-Urban,5,7,3,2,850,4,29,1,2027,3,22
Urban,6,2,1,2,68,4,46,0,2027,3,23
Semi-Urban,5,6,7,2,134,5,28,1,2027,3,24
Semi-Urban,8,8,4,2,174,4,45,1,2027,3,25
Rural,1,7,7,1,668,5,47,2,2027,3,26
Urban,7,7,3,1,522,2,22,1,2027,3,27
Semi-Urban,10,8,5,0,698,2,28,1,2027,3,28
Rural,10,7,5,1,852,5,25,1,2027,3,29
Urban,2,5,2,0,730,1,41,2,2027,3,30
Rural,9,7,10,2,90,1,3,0,2027,3,31
Semi-Urban,1,10,2,1,538,1,13,1,2027,4,1
Urban,10,3,4,2,731,3,31,0,2027,4,2
Urban,6,5,4,2,355,2,13,0,2027,4,3
Semi-Urban,9,7,4,0,86,6,41,1,2027,4,4
Urban,1,9,6,1,512,1,18,2,2027,4,5
Semi-Urban,4,2,2,2,669,1,37,1,2027,4,6
Urban,4,4,6,2,773,2,43,1,2027,4,7
Semi-Urban,9,7,7,2,986,3,34,1,2027,4,8
Urban,5,1,10,2,232,3,17,1,2027,4,9
Rural,5,2,3,0,200,3,21,1,2027,4,10
Rural,6,9,8,2,785,0,36,1,2027,4,11
Rural,1,10,2,2,632,3,40,1,2027,4,12
Semi-Urban,1,7,8,2,882,3,19,1,2027,4,13
Urban,9,10,5,2,618,1,12,0,2027,4,14
Semi-Urban,3,7,2,2,716,1,28,1,2027,4,15
Urban,4,6,7,0,622,2,11,2,2027,4,16
Urban,1,3,2,2,267,4,48,1,2027,4,17
Urban,9,10,6,2,233,4,37,1,2027,4,18
Semi-Urban,8,3,10,2,378,5,28,1,2027,4,19
Semi-Urban,2,2,3,2,268,4,35,1,2027,4,20
Semi-Urban,8,6,9,1,657,3,44,1,2027,4,21
Urban,7,4,3,2,942,0,15,0,2027,4,22
Urban,6,5,3,1,969,3,16,1,2027,4,23
Rural,1,3,5,2,900,4,45,1,2027,4,24
Urban,7,6,7,2,535,3,7,1,2027,4,25
Semi-Urban,10,3,8,2,107,3,47,1,2027,4,26
Urban,7,8,7,2,682,1,3,1,2027,4,27
Semi-Urban,9,9,9,1,195,3,31,1,2027,4,28
Semi-Urban,1,4,5,2,742,0,12,1,2027,4,29
Urban,2,9,10,2,445,4,8,1,2027,4,30
Urban,9,7,3,2,790,0,25,0,2027,5,1
Semi-Urban,9,3,6,2,622,4,44,1,2027,5,2
Semi-Urban,6,7,5,0,790,4,35,2,2027,5,3
Urban,6,1,4,2,943,2,12,0,2027,5,4
Rural,4,3,2,2,722,3,21,1,2027,5,5
Urban,4,6,7,0,100,3,26,2,2027,5,6
Urban,5,4,5,2,946,8,2,1,2027,5,7
Rural,3,7,4,2,157,5,14,1,2027,5,8
Urban,1,3,8,2,452,3,46,1,2027,5,9
Semi-Urban,1,1,9,1,489,2,4,1,2027,5,10
Urban,7,9,9,1,369,3,17,1,2027,5,11
Urban,1,6,3,2,145,3,47,1,2027,5,12
Rural,1,8,3,2,900,1,48,2,2027,5,13
Urban,3,3,5,0,936,4,5,1,2027,5,14
Rural,10,8,5,2,887,8,24,1,2027,5,15
Urban,4,2,10,2,328,1,7,1,2027,5,16
Urban,4,4,2,2,874,5,23,1,2027,5,17
Urban,2,3,1,1,249,5,47,1,2027,5,18
Semi-Urban,1,10,8,2,479,4,17,1,2027,5,19
Urban,3,1,3,2,364,10,12,1,2027,5,20
Rural,4,7,1,2,329,5,11,1,2027,5,21
Semi-Urban,3,10,1,2,972,3,11,1,2027,5,22
Rural,8,2,2,1,39,3,34,0,2027,5,23
Urban,10,4,6,2,900,2,47,1,2027,5,24
Rural,1,9,6,2,580,4,37,2,2027,5,25
Semi-Urban,2,6,3,2,666,2,29,1,2027,5,26
Semi-Urban,7,8,4,2,560,2,48,1,2027,5,27
Rural,4,2,2,1,579,2,36,1,2027,5,28
Semi-Urban,8,7,2,2,496,3,27,0,2027,5,29
Semi-Urban,3,6,7,1,288,5,42,2,2027,5,30
Urban,6,9,1,2,22,5,22,0,2027,5,31
Urban,9,7,7,2,789,4,2,0,2027,6,1
Rural,1,1,1,2,35,6,47,1,2027,6,2
Semi-Urban,1,8,6,2,625,4,36,2,2027,6,3
Semi-Urban,8,10,3,2,377,1,48,1,2027,6,4
Semi-Urban,3,3,8,1,665,6,30,2,2027,6,5
Urban,5,2,6,2,832,3,7,1,2027,6,6
Urban,1,3,2,2,858,1,12,1,2027,6,7
Semi-Urban,5,6,8,1,152,3,3,1,2027,6,8
Urban,6,3,5,1,331,2,17,1,2027,6,9
Urban,8,10,8,2,986,2,41,1,2027,6,10
Semi-Urban,3,5,8,2,501,4,32,1,2027,6,11
Urban,3,6,6,2,914,3,8,1,2027,6,12
Semi-Urban,10,8,2,1,563,2,23,1,2027,6,13
Urban,9,7,8,1,324,2,38,1,2027,6,14
Semi-Urban,4,8,6,1,288,2,30,1,2027,6,15
Urban,4,3,6,1,433,1,15,1,2027,6,16
Semi-Urban,7,4,8,2,44,3,10,0,2027,6,17
Urban,2,6,1,1,1000,3,38,1,2027,6,18
Urban,8,7,2,2,335,2,15,0,2027,6,19
Urban,6,9,9,2,590,0,30,1,2027,6,20
Semi-Urban,3,1,8,2,744,2,46,1,2027,6,21
Semi-Urban,9,8,7,0,687,3,26,1,2027,6,22
Urban,5,8,7,1,845,4,45,2,2027,6,23
Semi-Urban,8,6,5,2,295,4,14,0,2027,6,24
Rural,7,4,2,1,949,1,3,0,2027,6,25
Semi-Urban,8,3,6,1,408,1,36,1,2027,6,26
Urban,7,3,10,2,741,2,26,1,2027,6,27
Semi-Urban,3,6,3,2,463,8,14,1,2027,6,28
Urban,2,8,4,1,446,2,31,1,2027,6,29
Urban,7,7,10,2,76,8,14,1,2027,6,30
Rural,3,1,2,2,716,0,40,1,2027,7,1
Urban,3,6,2,1,990,4,10,1,2027,7,2
Semi-Urban,2,7,8,0,585,3,9,2,2027,7,3
Semi-Urban,4,7,8,2,740,4,46,2,2027,7,4
Semi-Urban,8,9,10,1,387,6,40,2,2027,7,5
Semi-Urban,1,10,6,2,960,5,43,2,2027,7,6
Urban,1,5,5,2,361,1,42,1,2027,7,7
Urban,5,1,8,2,824,5,18,1,2027,7,8
Semi-Urban,5,2,4,2,871,4,36,1,2027,7,9
Urban,1,4,4,1,323,4,36,1,2027,7,10
Urban,6,5,5,2,783,0,12,1,2027,7,11
Urban,1,9,1,2,393,2,40,1,2027,7,12
Urban,5,1,1,2,969,5,3,0,2027,7,13
Urban,9,3,2,0,835,6,18,1,2027,7,14
Urban,5,5,8,2,131,1,7,1,2027,7,15
Semi-Urban,6,3,7,2,897,6,31,1,2027,7,16
Semi-Urban,8,4,10,2,25,3,1,0,2027,7,17
Rural,1,3,9,1,949,2,31,2,2027,7,18
Urban,2,4,5,2,722,6,13,1,2027,7,19
Urban,9,1,2,2,865,1,29,0,2027,7,20
Urban,3,8,7,2,963,4,3,1,2027,7,21
Semi-Urban,6,4,8,1,298,2,29,1,2027,7,22
Semi-Urban,5,7,7,2,401,5,35,1,2027,7,23
Urban,2,2,7,2,871,1,15,1,2027,7,24
Rural,7,2,5,2,32,1,21,0,2027,7,25
Urban,4,6,2,2,322,3,19,1,2027,7,26
Semi-Urban,1,2,6,1,575,1,28,1,2027,7,27
Semi-Urban,4,6,4,2,636,4,4,1,2027,7,28
Rural,6,2,10,0,179,3,45,2,2027,7,29
Semi-Urban,7,4,2,0,173,2,13,1,2027,7,30
Rural,7,7,9,2,773,2,15,1,2027,7,31
Urban,7,8,7,1,200,5,48,2,2027,8,1
Rural,3,3,6,1,545,3,39,1,2027,8,2
Urban,6,9,5,1,199,4,32,1,2027,8,3
Rural,8,2,3,2,396,2,3,0,2027,8,4
Semi-Urban,4,8,10,2,823,6,30,2,2027,8,5
Rural,8,8,10,2,795,2,20,1,2027,8,6
Semi-Urban,2,4,4,1,187,2,2,1,2027,8,7
Semi-Urban,10,1,3,2,233,2,25,0,2027,8,8
Semi-Urban,9,1,8,2,169,4,11,0,2027,8,9
Semi-Urban,9,2,3,2,35,2,1,0,2027,8,10
Urban,8,9,7,2,110,2,48,1,2027,8,11
Urban,10,2,7,2,139,2,48,1,2027,8,12
Urban,10,2,7,2,975,5,10,0,2027,8,13
Urban,1,6,7,2,272,6,17,1,2027,8,14
Rural,2,7,2,0,79,3,30,2,2027,8,15
Urban,6,7,10,2,285,3,35,1,2027,8,16
Rural,10,9,3,1,428,0,19,1,2027,8,17
Urban,5,6,10,2,50,1,46,1,2027,8,18
Urban,9,8,9,2,40,1,34,1,2027,8,19
Semi-Urban,5,6,3,1,750,4,32,1,2027,8,20
Semi-Urban,2,2,2,1,612,4,12,1,2027,8,21
Semi-Urban,10,1,9,2,308,2,43,1,2027,8,22
Semi-Urban,4,5,10,0,562,4,17,2,2027,8,23
Semi-Urban,9,9,9,0,517,6,6,1,2027,8,24
Urban,1,8,4,0,765,4,13,2,2027,8,25
Rural,1,4,9,2,493,2,39,1,2027,8,26
Rural,7,5,3,2,424,1,22,0,2027,8,27
Semi-Urban,3,5,7,2,567,3,11,1,2027,8,28
Urban,10,6,7,2,980,2,7,0,2027,8,29
Semi-Urban,2,3,8,2,151,6,45,1,2027,8,30
Urban,9,5,10,1,343,0,45,1,2027,8,31
Urban,3,2,4,2,877,0,21,1,2027,9,1
Urban,2,10,3,2,151,2,1,1,2027,9,2
Semi-Urban,8,1,3,2,540,4,30,0,2027,9,3
Rural,10,1,5,1,49,5,19,0,2027,9,4
Semi-Urban,6,10,1,2,646,2,47,1,2027,9,5
Semi-Urban,6,7,10,1,320,6,46,2,2027,9,6
Urban,10,2,3,2,23,1,29,0,2027,9,7
Urban,7,4,6,1,344,4,35,1,2027,9,8
Urban,7,5,3,0,528,12,20,1,2027,9,9
Rural,6,7,5,2,256,3,36,1,2027,9,10
Urban,4,2,9,0,554,3,39,2,2027,9,11
Rural,9,6,2,2,35,5,1,0,2027,9,12
Semi-Urban,6,1,2,2,553,5,23,0,2027,9,13
Urban,4,7,6,2,603,2,31,1,2027,9,14
Semi-Urban,3,9,6,2,835,4,35,1,2027,9,15
Semi-Urban,4,5,8,1,465,3,47,2,2027,9,16
Rural,3,5,2,2,522,2,45,1,2027,9,17
Rural,2,4,9,2,975,3,22,1,2027,9,18
Urban,5,3,2,2,249,4,46,1,2027,9,19
Urban,2,9,1,2,126,4,7,1,2027,9,20
Semi-Urban,6,5,10,2,739,1,33,1,2027,9,21
Rural,3,8,2,1,408,6,45,2,2027,9,22
Urban,6,9,7,2,739,2,36,1,2027,9,23
Semi-Urban,10,5,8,2,282,2,44,1,2027,9,24
Semi-Urban,9,10,5,2,582,3,7,0,2027,9,25
Semi-Urban,1,9,6,2,84,2,27,1,2027,9,26
Urban,6,2,1,2,284,4,2,0,2027,9,27
Semi-Urban,9,9,6,1,357,3,17,1,2027,9,28
Rural,4,4,8,2,320,3,1,1,2027,9,29
Urban,2,6,3,2,397,4,46,1,2027,9,30
Urban,4,6,1,2,194,1,30,1,2027,10,1
Rural,1,6,4,2,982,3,22,1,2027,10,2
Urban,3,2,1,1,171,0,28,1,2027,10,3
Rural,10,7,8,2,495,1,33,1,2027,10,4
Semi-Urban,9,6,5,2,285,1,26,0,2027,10,5
Urban,10,1,1,1,348,3,35,0,2027,10,6
Rural,5,2,8,2,992,2,11,1,2027,10,7
Urban,6,7,9,2,835,4,7,1,2027,10,8
Semi-Urban,3,1,10,2,182,5,28,1,2027,10,9
Urban,5,1,2,2,457,3,25,0,2027,10,10
Semi-Urban,8,1,9,1,362,3,41,1,2027,10,11
Urban,6,8,8,2,386,4,31,1,2027,10,12
Urban,4,4,7,1,484,6,3,1,2027,10,13
Rural,2,4,3,2,769,3,33,1,2027,10,14
Urban,9,2,2,1,218,3,34,0,2027,10,15
Semi-Urban,1,1,7,2,519,2,21,1,2027,10,16
Urban,1,10,5,2,35,3,37,1,2027,10,17
Semi-Urban,4,9,6,2,840,1,19,1,2027,10,18
Urban,7,7,4,2,315,4,37,1,2027,10,19
Rural,1,4,2,2,887,3,21,1,2027,10,20
Semi-Urban,9,6,9,1,530,1,14,1,2027,10,21
Urban,4,2,3,0,807,1,10,1,2027,10,22
Urban,3,7,7,2,258,1,7,1,2027,10,23
Urban,1,2,8,2,600,0,29,1,2027,10,24
Semi-Urban,10,10,2,1,320,2,40,1,2027,10,25
Urban,4,8,6,2,25,3,8,1,2027,10,26
Rural,9,8,8,0,239,2,39,2,2027,10,27
Urban,10,1,7,2,785,3,13,0,2027,10,28
Urban,6,8,3,2,472,3,46,1,2027,10,29
Semi-Urban,6,2,1,2,452,6,19,0,2027,10,30
Semi-Urban,1,6,6,2,826,2,11,1,2027,10,31
Urban,10,1,8,2,889,3,2,0,2027,11,1
Urban,2,5,6,0,405,4,6,2,2027,11,2
Urban,6,7,5,0,638,2,29,2,2027,11,3
Semi-Urban,2,10,8,2,314,4,41,2,2027,11,4
Semi-Urban,3,1,2,2,137,8,5,0,2027,11,5
Semi-Urban,4,2,1,2,424,1,41,1,2027,11,6
Rural,5,7,1,1,699,3,30,1,2027,11,7
Rural,9,6,4,2,782,3,39,1,2027,11,8
Semi-Urban,4,3,6,2,613,1,36,1,2027,11,9
Rural,9,10,9,2,585,1,27,1,2027,11,10
Urban,10,2,1,2,771,2,18,0,2027,11,11
Urban,3,10,1,0,897,6,36,2,2027,11,12
Urban,8,4,5,2,31,2,16,0,2027,11,13
Urban,1,3,10,2,228,3,5,1,2027,11,14
Semi-Urban,9,7,5,2,184,4,9,0,2027,11,15
Rural,9,8,5,2,897,3,34,1,2027,11,16
Urban,10,2,10,2,313,2,34,1,2027,11,17
Urban,2,10,6,2,930,4,36,2,2027,11,18
Semi-Urban,4,7,8,2,538,3,31,1,2027,11,19
Rural,8,8,3,2,97,4,20,0,2027,11,20
Urban,7,6,9,2,453,6,17,1,2027,11,21
Semi-Urban,1,6,1,2,596,4,20,1,2027,11,22
Urban,5,10,4,1,633,5,28,1,2027,11,23
Urban,7,1,9,2,982,3,21,1,2027,11,24
Rural,4,4,8,2,888,5,19,1,2027,11,25
Rural,1,1,10,2,831,3,3,1,2027,11,26
Urban,9,4,9,2,818,2,30,1,2027,11,27
Rural,5,2,1,2,702,3,5,0,2027,11,28
Semi-Urban,2,5,9,0,96,3,42,2,2027,11,29
Rural,8,10,3,2,67,4,6,0,2027,11,30
Semi-Urban,2,9,10,2,786,1,3,1,2027,12,1
Semi-Urban,3,10,9,1,101,3,42,2,2027,12,2
Semi-Urban,10,3,1,2,914,5,24,0,2027,12,3
Semi-Urban,1,8,1,0,740,0,44,2,2027,12,4
Urban,2,3,9,2,228,1,1,1,2027,12,5
Urban,7,6,6,1,464,1,36,1,2027,12,6
Urban,10,4,4,1,990,2,15,1,2027,12,7
Semi-Urban,2,8,7,0,615,4,41,2,2027,12,8
Urban,6,6,5,0,541,1,38,2,2027,12,9
Semi-Urban,3,8,10,1,48,0,44,2,2027,12,10
Rural,4,1,7,1,323,2,18,1,2027,12,11
Urban,8,6,8,2,484,8,23,1,2027,12,12
Semi-Urban,3,1,8,2,521,3,47,1,2027,12,13
Urban,10,1,1,2,465,4,29,0,2027,12,14
Rural,6,8,8,0,647,4,41,2,2027,12,15
Urban,1,7,6,1,509,2,22,2,2027,12,16
Semi-Urban,7,3,4,0,800,2,24,1,2027,12,17
Rural,8,6,8,1,447,2,45,1,2027,12,18
Rural,8,9,3,2,578,3,48,1,2027,12,19
Semi-Urban,3,7,4,2,378,5,13,1,2027,12,20
Semi-Urban,10,3,6,2,979,1,33,1,2027,12,21
Semi-Urban,1,6,7,2,110,3,22,1,2027,12,22
Rural,9,4,4,2,72,0,35,0,2027,12,23
Semi-Urban,6,3,4,0,749,4,17,1,2027,12,24
Urban,9,9,7,1,879,5,22,1,2027,12,25
Rural,7,10,6,2,608,4,5,1,2027,12,26
Semi-Urban,1,2,8,2,223,4,25,1,2027,12,27
Semi-Urban,1,1,1,2,575,2,6,0,2027,12,28
Urban,6,2,10,2,175,2,17,1,2027,12,29
Semi-Urban,5,7,7,2,21,3,31,1,2027,12,30
Urban,9,10,7,2,376,4,17,1,2027,12,31
Semi-Urban,2,1,7,2,844,4,33,1,2028,1,1
Urban,8,6,7,2,588,1,39,1,2028,1,2
Semi-Urban,5,7,10,0,821,2,48,2,2028,1,3
Rural,2,9,10,2,77,3,37,2,2028,1,4
Urban,10,8,8,2,273,2,48,1,2028,1,5
Rural,6,6,9,2,199,2,4,1,2028,1,6
Urban,10,3,9,2,512,3,43,1,2028,1,7
Rural,8,8,2,2,688,5,14,0,2028,1,8
Semi-Urban,4,7,7,1,54,5,13,1,2028,1,9
Semi-Urban,2,3,7,2,94,0,27,1,2028,1,10
Semi-Urban,5,9,4,2,963,2,24,1,2028,1,11
Rural,2,2,9,2,308,4,27,1,2028,1,12
Urban,2,3,8,2,390,3,8,1,2028,1,13
Urban,6,2,1,2,606,4,47,1,2028,1,14
Semi-Urban,10,1,2,2,348,3,39,0,2028,1,15
Rural,9,4,2,1,609,4,21,1,2028,1,16
Semi-Urban,4,5,8,1,786,7,41,2,2028,1,17
Semi-Urban,6,6,1,1,796,6,11,1,2028,1,18
Urban,7,5,4,2,323,1,31,1,2028,1,19
Rural,6,1,10,2,598,3,27,1,2028,1,20
Urban,8,3,5,0,240,4,42,1,2028,1,21
Semi-Urban,4,1,9,2,998,4,46,1,2028,1,22
Urban,1,5,7,2,183,4,48,1,2028,1,23
Urban,7,5,8,2,499,3,27,1,2028,1,24
Urban,3,6,9,2,474,5,8,1,2028,1,25
Urban,6,8,7,2,394,3,33,1,2028,1,26
Semi-Urban,2,10,5,2,239,3,12,1,2028,1,27
Urban,9,1,5,2,703,6,35,1,2028,1,28
Urban,1,4,10,0,273,3,34,2,2028,1,29
Urban,6,10,6,2,741,3,16,1,2028,1,30
Urban,6,1,5,2,207,5,36,1,2028,1,31
Urban,5,9,9,2,210,5,2,1,2028,2,1
Urban,5,7,3,2,408,3,12,1,2028,2,2
Semi-Urban,1,7,3,2,234,3,27,1,2028,2,3
Semi-Urban,10,5,7,1,394,1,17,1,2028,2,4
Semi-Urban,5,7,7,2,105,0,20,1,2028,2,5
Semi-Urban,2,2,6,1,493,3,21,1,2028,2,6
Urban,7,4,3,2,637,2,30,1,2028,2,7
Rural,3,7,7,2,863,1,42,1,2028,2,8
Semi-Urban,4,3,5,1,827,4,20,1,2028,2,9
Semi-Urban,3,2,7,2,550,2,8,1,2028,2,10
Urban,3,10,2,2,66,3,18,1,2028,2,11
Urban,4,2,6,2,84,0,18,0,2028,2,12
Urban,5,1,8,2,982,4,18,1,2028,2,13
Urban,1,5,1,2,494,3,2,1,2028,2,14
Semi-Urban,4,6,4,2,165,4,12,1,2028,2,15
Semi-Urban,8,6,1,2,965,2,32,1,2028,2,16
Semi-Urban,10,9,1,2,817,2,42,1,2028,2,17
Semi-Urban,7,4,10,1,401,4,8,1,2028,2,18
Rural,9,1,8,1,85,2,10,0,2028,2,19
Semi-Urban,5,6,7,1,536,2,11,1,2028,2,20
Rural,10,5,10,2,112,4,14,0,2028,2,21
Urban,4,10,1,0,884,1,26,2,2028,2,22
Urban,8,6,2,2,445,3,47,1,2028,2,23
Urban,9,3,4,1,487,0,30,1,2028,2,24
Semi-Urban,7,2,1,2,113,3,42,0,2028,2,25
Rural,7,6,3,2,637,1,4,0,2028,2,26
Urban,5,1,8,1,152,2,39,1,2028,2,27
Rural,4,7,8,2,453,3,11,1,2028,2,28
Urban,10,7,8,2,360,2,24,1,2028,2,29
Rural,1,10,6,1,333,1,22,2,2028,3,1
Urban,10,7,6,1,610,2,3,1,2028,3,2
Urban,10,10,5,0,231,1,37,1,2028,3,3
Semi-Urban,7,1,9,2,539,6,2,0,2028,3,4
Urban,1,4,4,2,178,1,12,1,2028,3,5
Urban,1,7,10,2,287,1,21,1,2028,3,6
Urban,5,9,7,2,680,0,5,1,2028,3,7
Rural,9,5,1,2,881,2,7,0,2028,3,8
Semi-Urban,6,2,9,2,977,1,4,1,2028,3,9
Urban,3,7,7,2,622,3,43,1,2028,3,10
Semi-Urban,3,10,10,2,767,1,41,2,2028,3,11
Semi-Urban,7,1,9,1,493,5,36,1,2028,3,12
Urban,6,7,7,0,820,3,22,2,2028,3,13
Urban,9,6,2,1,429,3,29,1,2028,3,14
Urban,6,7,6,1,493,0,9,1,2028,3,15
Urban,5,10,10,2,375,3,26,1,2028,3,16
Semi-Urban,10,3,4,0,699,1,12,1,2028,3,17
Urban,7,3,3,2,212,5,48,1,2028,3,18
Semi-Urban,1,7,2,1,718,2,1,1,2028,3,19
Semi-Urban,7,2,6,0,290,2,8,1,2028,3,20
Urban,3,1,8,0,133,3,33,2,2028,3,21
Semi-Urban,9,9,6,2,916,7,4,1,2028,3,22
Urban,6,9,9,2,542,2,14,1,2028,3,23
Rural,9,7,5,2,74,2,29,0,2028,3,24
Semi-Urban,5,7,2,2,789,4,14,1,2028,3,25
Rural,7,3,8,2,84,4,9,0,2028,3,26
Semi-Urban,4,10,9,2,703,2,9,1,2028,3,27
Urban,7,2,10,2,291,1,26,1,2028,3,28
Semi-Urban,1,7,4,2,521,3,47,1,2028,3,29
Rural,7,9,6,1,681,3,42,2,2028,3,30
Semi-Urban,8,1,10,2,381,6,17,1,2028,3,31
Rural,5,4,8,2,165,0,41,1,2028,4,1
Rural,2,6,9,1,962,2,4,2,2028,4,2
Urban,5,7,5,2,228,1,46,1,2028,4,3
Urban,6,10,6,0,305,2,3,1,2028,4,4
Semi-Urban,2,7,4,2,29,5,29,1,2028,4,5
Urban,6,10,5,2,758,1,25,1,2028,4,6
Rural,6,2,7,2,205,4,21,1,2028,4,7
Rural,1,4,9,2,593,6,12,1,2028,4,8
Urban,1,5,10,2,616,2,1,1,2028,4,9
Urban,10,1,6,2,483,2,1,0,2028,4,10
Semi-Urban,3,1,6,2,153,4,45,1,2028,4,11
Urban,10,10,8,2,854,1,46,1,2028,4,12
Rural,10,3,4,2,828,3,48,1,2028,4,13
Urban,3,10,3,2,190,2,7,1,2028,4,14
Semi-Urban,4,3,7,2,232,7,10,1,2028,4,15
Urban,2,8,5,2,992,1,15,1,2028,4,16
Semi-Urban,9,9,2,2,549,3,40,1,2028,4,17
Semi-Urban,10,1,2,2,845,3,11,0,2028,4,18
Semi-Urban,7,2,6,2,521,5,46,1,2028,4,19
Urban,7,10,8,1,591,5,45,2,2028,4,20
Semi-Urban,6,2,1,2,619,3,23,0,2028,4,21
Rural,3,4,6,1,46,4,13,1,2028,4,22
Urban,6,2,2,1,87,2,27,1,2028,4,23
Urban,8,7,2,2,809,4,41,1,2028,4,24
Urban,8,9,7,2,427,2,17,1,2028,4,25
Semi-Urban,9,7,10,0,571,4,13,1,2028,4,26
Semi-Urban,1,6,1,1,128,0,12,1,2028,4,27
Semi-Urban,1,10,6,2,93,3,29,1,2028,4,28
Urban,3,1,7,1,597,3,21,1,2028,4,29
Urban,3,10,8,1,699,3,20,2,2028,4,30
Semi-Urban,10,9,7,2,281,1,20,0,2028,5,1
Semi-Urban,8,5,6,1,387,4,31,1,2028,5,2
Rural,10,5,9,2,805,0,8,0,2028,5,3
Urban,1,6,3,2,868,4,24,1,2028,5,4
Semi-Urban,2,9,6,0,889,2,11,2,2028,5,5
Urban,2,8,4,1,256,6,39,2,2028,5,6
Urban,3,8,2,2,746,2,33,1,2028,5,7
Semi-Urban,6,8,1,2,385,4,42,1,2028,5,8
Semi-Urban,1,1,1,2,305,3,15,0,2028,5,9
Rural,2,1,10,1,397,6,4,1,2028,5,10
Urban,1,8,3,2,680,3,1,1,2028,5,11
Urban,5,5,4,0,849,2,32,2,2028,5,12
Semi-Urban,7,9,2,1,925,2,11,1,2028,5,13
Semi-Urban,8,2,1,2,395,3,30,0,2028,5,14
Urban,10,9,4,2,638,2,37,1,2028,5,15
Urban,1,8,7,2,672,2,19,1,2028,5,16
Urban,7,9,10,2,95,4,36,1,2028,5,17
Rural,5,4,6,2,28,3,34,1,2028,5,18
Urban,10,1,6,2,215,7,7,0,2028,5,19
Urban,1,1,9,2,826,6,45,2,2028,5,20
Urban,3,5,2,2,811,4,20,1,2028,5,21
Urban,7,2,4,2,912,4,12,0,2028,5,22
Urban,10,8,5,2,649,3,32,1,2028,5,23
Semi-Urban,1,10,1,2,309,3,2,1,2028,5,24
Urban,7,5,8,2,80,5,22,1,2028,5,25
Rural,5,5,8,2,956,1,41,1,2028,5,26
Urban,1,2,6,2,408,5,48,1,2028,5,27
Semi-Urban,1,7,5,2,866,2,40,2,2028,5,28
Rural,1,8,8,1,837,8,24,2,2028,5,29
Semi-Urban,9,10,3,2,919,5,31,1,2028,5,30
Semi-Urban,3,1,3,2,582,3,4,0,2028,5,31
Urban,5,2,2,1,583,3,24,1,2028,6,1
Urban,10,10,5,2,653,2,43,1,2028,6,2
Semi-Urban,9,4,3,2,698,2,17,0,2028,6,3
Rural,6,5,3,0,27,2,40,1,2028,6,4
Semi-Urban,9,2,6,1,388,6,19,1,2028,6,5
Semi-Urban,8,1,8,0,64,0,40,1,2028,6,6
Semi-Urban,8,9,2,1,363,1,38,1,2028,6,7
Semi-Urban,1,1,4,2,776,3,34,1,2028,6,8
Urban,9,4,7,2,815,6,47,1,2028,6,9
Semi-Urban,6,2,1,2,394,3,33,0,2028,6,10
Rural,9,4,1,2,638,4,6,0,2028,6,11
Urban,3,8,10,2,46,1,36,1,2028,6,12
Semi-Urban,3,8,7,1,212,4,13,1,2028,6,13
Urban,6,9,7,2,949,2,47,1,2028,6,14
Semi-Urban,9,5,1,2,868,5,9,0,2028,6,15
Urban,7,7,1,1,376,3,35,1,2028,6,16
Semi-Urban,3,3,4,1,81,2,34,1,2028,6,17
Semi-Urban,3,10,5,2,81,5,16,1,2028,6,18
Urban,2,4,5,1,441,1,18,1,2028,6,19
Semi-Urban,9,10,4,1,813,3,18,1,2028,6,20
Semi-Urban,3,9,8,2,652,1,38,2,2028,6,21
Rural,5,10,7,2,811,4,43,2,2028,6,22
Urban,9,10,9,2,570,2,32,1,2028,6,23
Urban,8,1,7,2,399,3,7,0,2028,6,24
Urban,2,2,10,2,296,3,23,1,2028,6,25
Rural,3,5,1,0,625,2,23,1,2028,6,26
Rural,2,3,7,1,450,4,46,2,2028,6,27
Semi-Urban,8,2,1,1,134,1,18,0,2028,6,28
Rural,6,1,7,0,707,3,7,1,2028,6,29
Semi-Urban,6,10,10,1,140,3,42,2,2028,6,30
Semi-Urban,9,3,8,2,544,2,40,1,2028,7,1
Urban,8,1,9,2,918,5,24,1,2028,7,2
Semi-Urban,4,1,3,1,435,4,14,1,2028,7,3
Urban,4,1,4,2,182,2,5,0,2028,7,4
Rural,9,8,4,2,806,6,46,1,2028,7,5
Semi-Urban,1,3,9,2,929,5,22,1,2028,7,6
Semi-Urban,2,1,7,0,707,1,22,2,2028,7,7
Urban,2,7,3,2,356,2,10,1,2028,7,8
Urban,6,10,10,1,398,1,26,2,2028,7,9
Urban,4,3,5,2,343,2,15,1,2028,7,10
Urban,10,8,7,2,192,4,38,1,2028,7,11
Urban,3,4,8,2,806,3,41,1,2028,7,12
Rural,3,4,1,1,83,3,42,1,2028,7,13
Semi-Urban,3,5,2,2,120,6,1,0,2028,7,14
Urban,6,6,7,1,341,1,14,1,2028,7,15
Urban,8,7,2,2,994,2,36,1,2028,7,16
Urban,7,4,7,2,85,7,31,1,2028,7,17
Semi-Urban,4,8,9,2,862,0,28,1,2028,7,18
Semi-Urban,4,6,2,2,576,2,34,1,2028,7,19
Rural,10,1,7,2,618,2,35,0,2028,7,20
Semi-Urban,2,1,4,2,477,6,39,1,2028,7,21
Rural,1,9,2,1,598,2,23,1,2028,7,22
Rural,9,10,7,2,472,3,46,1,2028,7,23
Urban,2,6,5,2,278,4,44,1,2028,7,24
Rural,8,10,1,1,953,3,19,1,2028,7,25
Urban,9,8,5,2,736,3,18,1,2028,7,26
Rural,4,7,3,2,445,2,15,1,2028,7,27
Urban,8,6,7,2,998,0,1,0,2028,7,28
Rural,9,4,6,2,955,2,25,1,2028,7,29
Rural,10,7,8,2,197,6,26,1,2028,7,30
Rural,10,9,5,0,950,4,35,2,2028,7,31
Semi-Urban,5,10,2,2,299,4,15,1,2028,8,1
Urban,7,10,9,2,363,3,4,1,2028,8,2
Urban,10,7,8,2,36,4,15,0,2028,8,3
Urban,4,1,6,1,315,1,42,1,2028,8,4
Urban,1,10,10,2,221,3,38,2,2028,8,5
Semi-Urban,3,9,7,1,981,1,45,2,2028,8,6
Urban,5,4,9,0,703,3,39,2,2028,8,7
Rural,3,3,7,0,938,0,1,1,2028,8,8
Semi-Urban,7,4,3,1,793,3,22,1,2028,8,9
Rural,9,4,6,2,213,0,11,0,2028,8,10
Urban,6,10,7,1,168,4,46,2,2028,8,11
Rural,10,2,2,2,394,1,38,0,2028,8,12
Rural,1,1,3,1,907,2,37,1,2028,8,13
Semi-Urban,7,10,4,2,54,3,26,1,2028,8,14
Semi-Urban,3,1,10,1,388,2,27,1,2028,8,15
Semi-Urban,5,8,6,2,48,7,13,1,2028,8,16
Urban,10,2,1,2,794,5,7,0,2028,8,17
Semi-Urban,4,10,9,0,240,1,8,2,2028,8,18
Urban,10,5,5,2,72,1,46,0,2028,8,19
Urban,5,4,7,2,952,3,23,1,2028,8,20
Urban,5,8,9,2,810,3,26,1,2028,8,21
Urban,6,2,9,0,372,3,44,2,2028,8,22
Urban,10,10,1,2,411,4,27,0,2028,8,23
Urban,10,9,1,2,95,2,9,0,2028,8,24
Rural,6,7,3,2,513,2,46,1,2028,8,25
Semi-Urban,8,7,6,2,707,4,38,1,2028,8,26
Rural,8,1,2,0,541,1,47,1,2028,8,27
Urban,9,2,10,1,994,3,13,1,2028,8,28
Urban,8,4,1,2,136,5,7,0,2028,8,29
Semi-Urban,2,4,1,2,299,4,11,0,2028,8,30
Urban,10,3,5,1,749,5,10,1,2028,8,31
Urban,1,7,4,2,194,3,33,1,2028,9,1
Semi-Urban,10,8,1,2,765,1,39,0,2028,9,2
Urban,2,2,4,2,968,6,3,1,2028,9,3
Semi-Urban,2,4,3,2,783,6,41,1,2028,9,4
Semi-Urban,3,3,2,2,314,5,29,1,2028,9,5
Urban,10,2,9,2,470,3,37,1,2028,9,6
Urban,7,6,1,2,853,4,45,1,2028,9,7
Semi-Urban,2,4,7,2,537,2,16,1,2028,9,8
Semi-Urban,1,6,4,1,40,2,16,1,2028,9,9
Urban,6,2,5,2,92,1,44,1,2028,9,10
Rural,9,4,10,0,861,3,43,2,2028,9,11
Urban,3,6,5,2,55,3,7,1,2028,9,12
Semi-Urban,6,5,1,1,526,4,15,1,2028,9,13
Rural,3,3,6,1,918,6,38,2,2028,9,14
Urban,1,8,9,0,252,4,6,2,2028,9,15
Urban,5,7,2,1,747,4,18,1,2028,9,16
Urban,10,3,7,2,516,5,19,0,2028,9,17
Urban,4,6,6,2,225,2,2,1,2028,9,18
Urban,7,4,5,2,445,5,3,0,2028,9,19
Semi-Urban,6,5,4,2,960,1,46,1,2028,9,20
Urban,10,5,4,2,63,2,25,0,2028,9,21
Semi-Urban,7,7,6,1,110,5,36,1,2028,9,22
Rural,5,5,4,2,948,2,28,1,2028,9,23
Rural,4,3,5,2,847,4,38,1,2028,9,24
Semi-Urban,7,10,6,0,489,4,28,2,2028,9,25
Urban,7,5,5,2,624,4,32,1,2028,9,26
Semi-Urban,6,7,7,2,486,4,41,1,2028,9,27
Semi-Urban,8,5,9,1,870,1,36,1,2028,9,28
Urban,4,5,10,2,473,4,39,1,2028,9,29
Urban,10,9,7,2,614,3,36,1,2028,9,30
Rural,5,3,7,0,352,4,43,2,2028,10,1
Urban,4,6,4,0,526,1,23,1,2028,10,2
Urban,1,1,1,1,813,2,2,1,2028,10,3
Urban,8,10,8,2,489,1,10,1,2028,10,4
Urban,1,5,4,1,40,2,6,1,2028,10,5
Rural,5,8,1,2,247,4,8,0,2028,10,6
Semi-Urban,6,5,5,2,395,3,15,1,2028,10,7
Semi-Urban,6,9,8,2,149,5,45,1,2028,10,8
Urban,5,6,4,2,706,3,29,1,2028,10,9
Urban,3,8,8,2,639,4,28,1,2028,10,10
Semi-Urban,5,10,8,2,433,2,22,1,2028,10,11
Urban,8,8,3,2,814,5,34,1,2028,10,12
Urban,2,3,9,2,90,2,20,1,2028,10,13
Semi-Urban,6,7,3,1,423,2,33,1,2028,10,14
Urban,9,7,1,2,581,2,15,0,2028,10,15
Semi-Urban,8,10,2,2,626,2,7,0,2028,10,16
Urban,8,6,6,2,810,5,24,1,2028,10,17
Urban,8,7,10,2,416,3,26,1,2028,10,18
Urban,7,2,2,2,356,2,10,0,2028,10,19
Rural,8,9,6,2,663,6,15,1,2028,10,20
Rural,6,10,1,2,524,0,37,1,2028,10,21
Rural,2,10,1,0,929,1,24,2,2028,10,22
Semi-Urban,2,1,5,2,295,6,11,1,2028,10,23
Urban,8,1,10,2,911,7,40,1,2028,10,24
Semi-Urban,1,3,9,2,32,5,21,1,2028,10,25
Semi-Urban,6,3,8,2,22,5,40,1,2028,10,26
Rural,6,1,3,2,997,3,38,1,2028,10,27
Urban,4,7,3,2,243,3,15,1,2028,10,28
Semi-Urban,10,4,1,2,993,2,15,0,2028,10,29
Urban,3,10,3,0,194,2,37,2,2028,10,30
Urban,3,2,1,1,918,1,45,1,2028,10,31
Semi-Urban,1,10,8,2,404,1,14,1,2028,11,1
Semi-Urban,3,5,1,1,621,2,43,1,2028,11,2
Urban,4,6,5,2,939,4,21,1,2028,11,3
Urban,5,9,9,1,260,5,44,2,2028,11,4
Semi-Urban,3,4,7,2,566,2,20,1,2028,11,5
Semi-Urban,6,2,4,2,33,3,33,0,2028,11,6
Rural,5,5,9,1,214,3,3,1,2028,11,7
Rural,3,3,9,1,416,4,40,2,2028,11,8
Semi-Urban,6,2,2,1,450,8,23,1,2028,11,9
Urban,6,1,10,2,325,4,44,1,2028,11,10
Semi-Urban,8,10,10,0,353,4,47,2,2028,11,11
Urban,2,2,6,0,744,2,23,2,2028,11,12
Urban,1,6,4,2,429,3,27,1,2028,11,13
Rural,4,8,8,2,22,2,35,1,2028,11,14
Urban,7,3,7,2,710,0,25,1,2028,11,15
Rural,10,9,7,0,571,3,32,1,2028,11,16
Semi-Urban,3,9,10,2,471,2,22,1,2028,11,17
Semi-Urban,3,2,9,2,695,3,8,1,2028,11,18
Semi-Urban,5,8,5,2,838,1,38,1,2028,11,19
Rural,5,10,6,2,766,3,18,1,2028,11,20
Semi-Urban,10,5,1,2,788,0,28,0,2028,11,21
Semi-Urban,3,4,6,2,891,2,28,1,2028,11,22
Urban,9,10,2,0,514,3,11,1,2028,11,23
Semi-Urban,4,5,6,2,436,3,12,1,2028,11,24
Urban,3,4,9,1,410,0,2,1,2028,11,25
Semi-Urban,2,8,8,2,392,5,37,2,2028,11,26
Semi-Urban,10,4,9,2,647,2,4,0,2028,11,27
Semi-Urban,9,10,10,2,71,5,41,1,2028,11,28
Urban,4,6,8,2,395,3,45,1,2028,11,29
Urban,3,2,3,2,414,3,45,1,2028,11,30
Semi-Urban,7,5,8,0,942,3,47,2,2028,12,1
Urban,8,6,6,2,161,2,34,1,2028,12,2
Urban,2,5,6,2,105,5,23,1,2028,12,3
Urban,7,2,6,2,483,2,13,0,2028,12,4
Rural,5,7,3,2,65,2,7,0,2028,12,5
Semi-Urban,5,4,10,0,863,2,32,2,2028,12,6
Urban,3,8,1,2,257,3,23,1,2028,12,7
Urban,5,7,4,2,29,2,8,0,2028,12,8
Urban,2,7,10,2,683,2,47,2,2028,12,9
Semi-Urban,4,9,6,2,592,2,47,1,2028,12,10
Semi-Urban,6,1,10,2,549,1,37,1,2028,12,11
Urban,1,10,2,2,617,3,34,1,2028,12,12
Urban,10,6,7,2,668,0,48,1,2028,12,13
Urban,4,6,7,2,932,1,29,1,2028,12,14
Semi-Urban,6,6,4,2,761,6,37,1,2028,12,15
Semi-Urban,9,6,4,1,659,1,23,1,2028,12,16
Urban,2,10,1,2,635,5,38,1,2028,12,17
Urban,7,7,2,1,717,2,29,1,2028,12,18
Urban,6,10,9,1,928,5,44,2,2028,12,19
Rural,2,6,10,2,197,3,5,1,2028,12,20
Urban,8,1,8,2,888,0,40,1,2028,12,21
Semi-Urban,7,3,8,2,25,1,11,0,2028,12,22
Semi-Urban,5,2,9,1,872,3,14,1,2028,12,23
Urban,5,6,7,2,326,0,42,1,2028,12,24
Urban,7,8,9,2,567,1,2,1,2028,12,25
Urban,9,3,10,2,346,0,35,1,2028,12,26
Semi-Urban,9,10,2,0,375,4,45,1,2028,12,27
Semi-Urban,9,8,6,2,812,1,35,1,2028,12,28
Semi-Urban,6,8,3,2,414,0,42,1,2028,12,29
Semi-Urban,10,5,6,2,319,2,28,0,2028,12,30
Urban,6,8,3,2,545,4,8,1,2028,12,31
Rural,3,6,8,2,768,4,32,1,2029,1,1
Semi-Urban,1,5,4,1,304,4,4,1,2029,1,2
Urban,7,9,10,1,349,1,45,2,2029,1,3
Rural,4,7,6,1,69,3,7,1,2029,1,4
Semi-Urban,1,8,9,2,792,2,39,2,2029,1,5
Semi-Urban,8,1,2,2,987,1,48,1,2029,1,6
Semi-Urban,6,2,2,2,641,0,27,0,2029,1,7
Rural,6,8,7,2,728,4,37,1,2029,1,8
Semi-Urban,2,9,2,2,397,2,17,1,2029,1,9
Urban,1,4,2,2,783,2,10,1,2029,1,10
Urban,2,10,4,2,619,1,4,1,2029,1,11
Rural,4,10,9,2,844,3,23,1,2029,1,12
Urban,2,9,8,2,557,4,14,1,2029,1,13
Urban,1,4,2,0,793,6,5,1,2029,1,14
Urban,7,10,8,2,163,2,2,1,2029,1,15
Urban,8,10,4,0,79,2,46,1,2029,1,16
Semi-Urban,6,10,2,1,887,3,24,1,2029,1,17
Rural,4,9,10,2,799,2,18,1,2029,1,18
Urban,6,7,7,2,94,1,27,1,2029,1,19
Urban,3,2,6,2,22,1,24,1,2029,1,20
Urban,8,9,10,1,594,2,29,1,2029,1,21
Rural,10,4,5,2,767,3,11,0,2029,1,22
Semi-Urban,2,8,1,0,467,6,48,2,2029,1,23
Urban,5,7,2,2,977,1,18,1,2029,1,24
Rural,1,7,8,1,760,1,48,2,2029,1,25
Rural,6,8,1,1,921,2,4,1,2029,1,26
Rural,2,1,3,2,294,3,33,1,2029,1,27
Rural,4,5,2,2,549,1,14,0,2029,1,28
Urban,6,2,5,2,611,3,44,1,2029,1,29
Semi-Urban,10,2,4,2,234,7,42,0,2029,1,30
Semi-Urban,8,1,7,2,702,0,32,1,2029,1,31
Rural,8,5,5,1,504,1,4,1,2029,2,1
Semi-Urban,6,2,8,2,348,4,20,1,2029,2,2
Semi-Urban,4,4,4,0,274,3,21,1,2029,2,3
Semi-Urban,8,3,6,1,406,4,3,1,2029,2,4
Urban,8,3,4,2,145,1,25,0,2029,2,5
Semi-Urban,10,2,2,0,786,3,4,0,2029,2,6
Rural,1,6,1,2,603,4,47,1,2029,2,7
Rural,4,2,1,1,569,4,11,1,2029,2,8
Urban,4,8,8,2,343,3,16,1,2029,2,9
Urban,7,8,4,2,223,3,36,1,2029,2,10
Urban,7,5,5,2,191,3,6,0,2029,2,11
Semi-Urban,8,10,8,2,754,2,31,1,2029,2,12
Rural,5,7,7,2,236,2,40,1,2029,2,13
Urban,7,4,8,2,264,4,13,1,2029,2,14
Semi-Urban,8,1,8,2,355,3,23,0,2029,2,15
Rural,9,2,6,0,722,2,4,1,2029,2,16
Semi-Urban,3,10,10,2,317,2,37,2,2029,2,17
Semi-Urban,3,10,2,2,851,4,42,1,2029,2,18
Semi-Urban,4,4,6,2,201,1,37,1,2029,2,19
Semi-Urban,5,1,1,1,353,6,44,1,2029,2,20
Urban,10,8,1,0,530,3,33,1,2029,2,21
Semi-Urban,1,9,3,2,402,2,42,1,2029,2,22
Semi-Urban,7,4,3,2,736,3,29,1,2029,2,23
Rural,9,10,5,2,892,5,37,1,2029,2,24
Semi-Urban,8,3,1,2,218,3,19,0,2029,2,25
Semi-Urban,5,2,10,1,351,2,20,1,2029,2,26
Urban,4,5,6,2,184,0,32,1,2029,2,27
Semi-Urban,7,3,7,0,261,4,44,2,2029,2,28
Urban,5,10,10,2,919,4,16,1,2029,3,1
Urban,7,7,3,0,661,3,5,1,2029,3,2
Semi-Urban,1,6,4,2,246,6,46,1,2029,3,3
Rural,1,1,10,1,653,3,12,1,2029,3,4
Urban,10,8,10,0,575,1,45,2,2029,3,5
Urban,3,2,10,0,470,1,21,2,2029,3,6
Rural,2,5,10,2,215,4,14,1,2029,3,7
Urban,2,9,10,2,889,3,37,2,2029,3,8
Semi-Urban,7,8,3,2,223,1,22,0,2029,3,9
Semi-Urban,10,2,1,2,998,1,30,0,2029,3,10
Semi-Urban,2,9,8,2,477,1,23,1,2029,3,11
Urban,4,5,10,2,849,2,5,1,2029,3,12
Urban,2,10,10,2,276,3,29,2,2029,3,13
Semi-Urban,6,6,2,2,548,1,30,1,2029,3,14
Semi-Urban,8,3,1,2,291,2,18,0,2029,3,15
Urban,10,3,8,2,28,2,46,1,2029,3,16
Semi-Urban,4,10,7,2,780,4,1,1,2029,3,17
Urban,5,8,7,2,968,2,39,1,2029,3,18
Semi-Urban,4,10,4,2,220,3,17,1,2029,3,19
Urban,3,10,9,2,78,3,3,1,2029,3,20
Rural,5,2,6,0,906,2,42,2,2029,3,21
Urban,9,2,2,0,412,3,7,0,2029,3,22
Urban,8,5,1,0,671,2,27,1,2029,3,23
Urban,8,6,1,1,138,2,28,1,2029,3,24
Urban,8,2,9,2,572,1,44,1,2029,3,25
Rural,8,5,4,2,418,5,31,1,2029,3,26
Rural,7,7,5,2,853,8,15,1,2029,3,27
Urban,8,10,3,2,350,4,48,1,2029,3,28
Urban,8,10,4,2,286,1,8,0,2029,3,29
Semi-Urban,8,8,8,2,539,5,6,1,2029,3,30
Rural,10,7,4,2,714,4,28,1,2029,3,31
Semi-Urban,7,8,9,2,499,1,4,1,2029,4,1
Urban,1,9,9,1,153,5,30,2,2029,4,2
Urban,4,5,6,2,712,1,43,1,2029,4,3
Semi-Urban,4,5,2,2,935,3,17,1,2029,4,4
Urban,5,10,10,2,954,3,34,2,2029,4,5
Semi-Urban,10,4,7,2,374,5,6,0,2029,4,6
Urban,6,9,9,2,603,2,36,1,2029,4,7
Semi-Urban,4,5,6,0,517,1,35,2,2029,4,8
Urban,2,2,3,2,644,1,39,1,2029,4,9
Semi-Urban,6,10,7,2,126,0,39,1,2029,4,10
Semi-Urban,8,8,5,2,309,5,16,1,2029,4,11
Semi-Urban,8,7,1,2,844,5,2,0,2029,4,12
Urban,7,8,3,1,648,2,8,1,2029,4,13
Semi-Urban,6,3,5,2,651,3,15,1,2029,4,14
Semi-Urban,2,4,7,1,166,3,27,1,2029,4,15
Semi-Urban,7,5,3,0,346,1,16,1,2029,4,16
Semi-Urban,5,6,6,1,434,2,1,1,2029,4,17
Semi-Urban,6,1,5,2,229,3,10,0,2029,4,18
Rural,10,4,1,2,315,7,7,0,2029,4,19
Urban,8,10,10,2,417,4,48,1,2029,4,20
Rural,8,5,6,2,122,2,10,0,2029,4,21
Semi-Urban,3,7,8,1,655,2,12,1,2029,4,22
Urban,7,5,1,1,776,1,17,1,2029,4,23
Urban,1,1,2,1,527,2,45,1,2029,4,24
Urban,1,7,4,1,910,4,12,1,2029,4,25
Semi-Urban,7,8,2,2,887,1,15,0,2029,4,26
Semi-Urban,10,7,9,2,228,7,46,1,2029,4,27
Semi-Urban,9,4,10,2,952,1,32,1,2029,4,28
Semi-Urban,7,8,8,0,447,4,32,2,2029,4,29
Urban,10,5,8,1,412,2,26,1,2029,4,30
Urban,5,10,4,2,845,1,14,1,2029,5,1
Urban,8,9,5,1,935,7,26,1,2029,5,2
Urban,2,10,4,1,128,5,5,1,2029,5,3
Urban,9,5,9,0,908,4,38,2,2029,5,4
Urban,6,1,2,1,367,4,46,1,2029,5,5
Semi-Urban,9,9,8,2,69,3,4,0,2029,5,6
Semi-Urban,2,5,2,2,935,5,28,1,2029,5,7
Rural,3,6,1,2,124,2,1,0,2029,5,8
Rural,8,4,10,2,439,3,13,1,2029,5,9
Semi-Urban,1,6,3,2,392,5,43,1,2029,5,10
Urban,10,8,9,2,46,5,3,0,2029,5,11
Semi-Urban,7,3,3,1,987,3,25,1,2029,5,12
Semi-Urban,7,5,9,2,819,2,42,1,2029,5,13
Urban,1,2,7,0,788,0,16,2,2029,5,14
Urban,9,2,10,2,292,3,21,1,2029,5,15
Rural,8,7,1,2,668,2,13,0,2029,5,16
Urban,4,10,10,2,359,0,44,2,2029,5,17
Semi-Urban,10,10,5,2,320,1,36,1,2029,5,18
Semi-Urban,5,10,9,2,499,1,8,1,2029,5,19
Urban,2,6,3,2,853,2,44,1,2029,5,20
Urban,9,4,9,2,563,3,19,1,2029,5,21
Urban,6,5,5,2,576,1,47,1,2029,5,22
Urban,3,1,9,2,284,2,16,1,2029,5,23
Urban,7,7,10,1,561,5,12,1,2029,5,24
Rural,9,8,6,2,615,6,20,1,2029,5,25
Urban,3,9,9,2,185,5,18,1,2029,5,26
Semi-Urban,2,8,7,1,335,6,12,2,2029,5,27
Urban,7,5,7,2,20,1,48,1,2029,5,28
Rural,7,3,8,0,780,1,25,1,2029,5,29
Urban,4,10,7,1,280,7,11,1,2029,5,30
Urban,9,9,9,1,82,2,22,1,2029,5,31
Rural,8,6,9,2,502,2,46,1,2029,6,1
Rural,1,5,6,1,695,3,34,2,2029,6,2
Urban,1,3,7,1,340,4,13,1,2029,6,3
Rural,5,6,2,2,865,4,46,1,2029,6,4
Semi-Urban,6,3,9,2,220,2,38,1,2029,6,5
Semi-Urban,3,10,1,2,241,1,12,1,2029,6,6
Urban,9,6,1,1,171,3,39,1,2029,6,7
Urban,10,4,3,2,663,2,36,0,2029,6,8
Semi-Urban,6,2,6,1,645,4,28,1,2029,6,9
Semi-Urban,4,8,5,2,481,5,27,1,2029,6,10
Urban,7,4,2,1,236,1,39,1,2029,6,11
Semi-Urban,8,9,9,2,215,7,13,1,2029,6,12
Semi-Urban,9,7,10,2,812,3,43,1,2029,6,13
Urban,6,2,4,2,221,1,40,1,2029,6,14
Semi-Urban,6,4,4,2,666,8,27,1,2029,6,15
Urban,8,5,5,2,253,2,31,0,2029,6,16
Semi-Urban,5,3,8,2,160,3,2,0,2029,6,17
Semi-Urban,3,9,10,2,727,3,18,1,2029,6,18
Rural,3,5,4,0,517,6,26,2,2029,6,19
Urban,6,2,5,1,574,2,42,1,2029,6,20
Urban,2,3,4,2,76,4,31,1,2029,6,21
Urban,6,9,6,2,951,1,38,1,2029,6,22
