water_availability,cleanliness_score,waste_level,hours_since_cleaning,odor_score,footfall,complaints,location_Urban,inspection_day,inspection_year,inspection_month,location_Semi-Urban,risk_level
2,7,7,45,6,723,1,True,1,2024,1,False,1
1,3,2,34,8,522,1,False,2,2024,1,False,1
2,7,9,11,7,25,2,False,3,2024,1,True,1
2,8,4,48,8,840,5,False,4,2024,1,True,1
2,10,9,42,9,163,6,True,5,2024,1,False,1
2,6,2,47,6,877,4,True,6,2024,1,False,1
2,10,10,27,3,280,2,True,7,2024,1,False,1
2,9,4,42,10,604,3,False,8,2024,1,False,1
2,6,5,2,3,705,4,False,9,2024,1,True,0
2,9,2,6,1,251,1,False,10,2024,1,True,0
2,4,10,46,5,289,0,True,11,2024,1,False,1
2,8,1,2,4,959,7,False,12,2024,1,False,0
1,4,7,42,9,466,2,False,13,2024,1,False,2
0,2,10,17,9,893,6,True,14,2024,1,False,2
1,10,1,40,5,241,2,True,15,2024,1,False,1
2,9,8,48,10,71,3,True,16,2024,1,False,1
2,5,3,14,4,135,6,True,17,2024,1,False,0
2,4,10,10,7,557,4,False,18,2024,1,True,1
2,2,6,45,6,584,2,True,19,2024,1,False,1
2,1,7,33,4,896,7,True,20,2024,1,False,2
2,7,10,42,10,560,5,False,21,2024,1,True,2
2,6,1,12,2,38,5,True,22,2024,1,False,0
2,2,6,32,1,834,0,True,23,2024,1,False,1
0,8,7,24,4,411,2,True,24,2024,1,False,1
2,4,6,14,4,810,1,False,25,2024,1,True,1
2,8,4,5,1,648,5,False,26,2024,1,True,0
2,7,1,5,6,637,3,True,27,2024,1,False,0
2,5,9,47,4,438,8,False,28,2024,1,True,1
2,10,4,32,1,328,2,False,29,2024,1,True,0
2,10,7,45,1,758,3,True,30,2024,1,False,1
2,8,7,33,1,883,2,False,31,2024,1,True,1
1,9,2,46,8,205,3,True,1,2024,2,False,1
1,5,1,4,10,280,5,True,2,2024,2,False,1
0,10,8,30,8,547,8,False,3,2024,2,False,2
1,5,8,41,2,292,3,False,4,2024,2,False,1
2,2,7,17,7,179,3,False,5,2024,2,False,1
2,5,8,3,8,889,5,True,6,2024,2,False,1
2,3,3,13,8,781,2,True,7,2024,2,False,1
2,7,2,44,10,243,4,False,8,2024,2,True,1
2,10,7,48,7,275,3,True,9,2024,2,False,1
1,5,8,36,5,199,5,True,10,2024,2,False,1
2,8,1,18,1,39,4,False,11,2024,2,True,0
2,1,10,23,9,643,4,True,12,2024,2,False,2
2,3,9,35,7,651,2,False,13,2024,2,False,1
0,3,4,33,2,725,4,True,14,2024,2,False,2
2,9,4,36,6,487,5,False,15,2024,2,True,1
1,5,3,17,2,642,3,True,16,2024,2,False,1
1,9,6,39,1,229,0,False,17,2024,2,True,1
0,9,1,34,7,532,3,False,18,2024,2,True,1
1,1,6,12,2,77,6,True,19,2024,2,False,1
1,2,2,5,2,112,5,False,20,2024,2,False,1
2,5,9,48,5,240,3,False,21,2024,2,True,1
2,4,2,40,5,742,1,False,22,2024,2,False,1
2,10,7,27,7,959,6,False,23,2024,2,False,1
2,9,1,40,1,251,3,False,24,2024,2,True,0
0,7,7,13,8,793,2,False,25,2024,2,False,1
2,6,5,26,3,383,3,True,26,2024,2,False,1
1,7,8,14,4,634,6,True,27,2024,2,False,1
2,1,4,32,9,581,1,True,28,2024,2,False,1
2,1,10,11,4,393,3,True,29,2024,2,False,1
0,8,7,38,10,641,1,True,1,2024,3,False,2
2,2,6,16,5,475,4,True,2,2024,3,False,1
2,10,5,22,7,107,1,False,3,2024,3,False,0
2,9,4,47,4,39,2,True,4,2024,3,False,0
2,7,7,16,1,33,5,True,5,2024,3,False,0
2,6,5,13,9,152,2,False,6,2024,3,True,1
2,1,5,12,4,956,3,True,7,2024,3,False,1
2,1,1,18,9,827,4,False,8,2024,3,False,1
1,2,2,29,6,53,3,True,9,2024,3,False,1
1,6,5,18,1,911,6,False,10,2024,3,False,1
2,6,3,46,3,227,3,False,11,2024,3,True,1
2,2,2,2,2,832,3,True,12,2024,3,False,0
1,1,4,2,9,218,3,True,13,2024,3,False,1
2,10,4,3,1,611,2,False,14,2024,3,False,0
2,5,4,29,9,602,3,False,15,2024,3,True,1
2,5,4,8,9,174,4,False,16,2024,3,True,1
1,2,3,11,8,609,3,False,17,2024,3,True,1
2,6,7,12,8,97,3,True,18,2024,3,False,1
2,9,9,32,1,191,3,True,19,2024,3,False,1
2,2,5,4,8,308,2,True,20,2024,3,False,1
2,10,4,9,10,564,5,False,21,2024,3,False,0
2,2,2,24,3,831,4,False,22,2024,3,True,1
2,3,2,16,7,807,0,True,23,2024,3,False,1
1,7,5,17,1,898,2,True,24,2024,3,False,1
0,6,7,47,1,439,5,True,25,2024,3,False,2
2,8,10,22,10,26,3,True,26,2024,3,False,1
2,8,10,7,5,179,1,False,27,2024,3,True,0
2,6,9,10,5,259,1,False,28,2024,3,True,1
1,10,7,29,8,982,2,False,29,2024,3,False,1
1,3,5,36,7,442,2,False,30,2024,3,True,1
2,3,10,24,8,555,5,True,31,2024,3,False,2
2,1,10,46,6,745,3,False,1,2024,4,True,2
1,7,10,14,6,89,7,False,2,2024,4,True,1
2,5,6,14,2,899,5,False,3,2024,4,True,1
2,4,3,25,6,235,3,False,4,2024,4,True,1
2,10,5,46,5,123,6,False,5,2024,4,True,1
2,4,8,22,3,746,4,False,6,2024,4,True,1
2,4,1,47,6,73,2,True,7,2024,4,False,1
1,6,1,23,8,825,1,True,8,2024,4,False,1
2,8,7,32,9,349,3,True,9,2024,4,False,1
2,8,5,26,1,867,2,True,10,2024,4,False,0
2,5,5,27,3,222,4,False,11,2024,4,True,1
2,6,1,45,3,307,6,True,12,2024,4,False,1
2,4,9,12,8,64,2,False,13,2024,4,True,1
2,9,1,19,1,848,3,False,14,2024,4,False,0
1,8,5,19,5,217,2,True,15,2024,4,False,1
2,10,10,34,3,235,6,True,16,2024,4,False,1
2,10,9,32,2,500,1,False,17,2024,4,True,1
2,1,4,29,8,328,8,True,18,2024,4,False,1
2,2,8,21,3,915,3,True,19,2024,4,False,1
1,9,6,35,7,454,6,True,20,2024,4,False,1
2,8,3,42,1,351,1,True,21,2024,4,False,0
0,3,4,5,6,715,4,False,22,2024,4,False,1
2,8,2,12,3,46,1,False,23,2024,4,False,0
1,1,1,7,8,185,0,False,24,2024,4,True,1
2,10,8,41,6,337,0,False,25,2024,4,False,1
2,4,1,2,2,293,4,False,26,2024,4,False,0
2,3,1,25,6,402,4,True,27,2024,4,False,1
2,6,4,10,7,384,4,False,28,2024,4,False,1
1,7,10,38,5,122,2,False,29,2024,4,True,1
1,4,10,44,3,979,3,False,30,2024,4,False,2
2,7,6,6,4,522,3,False,1,2024,5,False,0
2,9,9,27,4,864,4,True,2,2024,5,False,1
2,2,1,35,6,392,7,True,3,2024,5,False,1
1,3,7,10,10,635,0,True,4,2024,5,False,1
2,5,10,9,1,945,3,True,5,2024,5,False,1
2,3,5,20,4,264,4,False,6,2024,5,False,1
2,8,8,37,10,836,4,False,7,2024,5,False,1
1,10,7,35,4,188,3,True,8,2024,5,False,1
2,8,4,37,10,647,3,False,9,2024,5,True,1
1,8,4,40,1,672,3,True,10,2024,5,False,1
1,9,6,8,9,437,2,True,11,2024,5,False,1
2,4,6,46,4,375,2,True,12,2024,5,False,1
2,5,9,31,7,497,4,True,13,2024,5,False,1
1,5,5,43,3,144,2,False,14,2024,5,False,1
2,8,8,16,10,556,4,True,15,2024,5,False,1
0,7,5,28,3,725,4,False,16,2024,5,True,1
2,9,2,6,8,915,4,False,17,2024,5,True,0
2,8,6,32,8,631,4,True,18,2024,5,False,1
0,2,9,28,1,421,4,False,19,2024,5,False,2
2,10,3,11,10,536,2,False,20,2024,5,False,0
2,4,1,42,2,550,2,True,21,2024,5,False,1
1,6,1,23,8,701,4,False,22,2024,5,True,1
2,2,3,30,1,805,4,True,23,2024,5,False,1
2,7,10,9,8,273,7,True,24,2024,5,False,1
2,3,5,28,8,140,3,True,25,2024,5,False,1
1,3,3,24,2,51,2,False,26,2024,5,True,1
1,2,9,28,4,680,2,False,27,2024,5,True,2
2,8,8,24,6,797,1,True,28,2024,5,False,1
1,6,3,15,9,56,0,True,29,2024,5,False,1
1,1,9,39,8,708,3,False,30,2024,5,False,2
2,1,6,33,8,361,2,True,31,2024,5,False,1
2,7,7,47,7,32,2,True,1,2024,6,False,1
2,8,4,34,9,202,1,False,2,2024,6,True,1
2,5,4,22,2,676,0,False,3,2024,6,False,0
1,5,2,29,3,284,4,True,4,2024,6,False,1
1,4,5,34,10,107,1,False,5,2024,6,True,1
2,6,8,42,8,959,4,False,6,2024,6,True,1
2,6,7,47,6,481,6,True,7,2024,6,False,1
2,3,7,10,10,65,1,False,8,2024,6,True,1
2,9,6,45,9,411,3,True,9,2024,6,False,1
2,7,3,30,10,138,2,False,10,2024,6,True,1
2,1,5,11,4,952,5,False,11,2024,6,True,1
2,7,1,34,8,550,3,False,12,2024,6,True,1
2,5,7,21,10,466,1,True,13,2024,6,False,1
1,5,9,13,3,751,1,False,14,2024,6,False,1
2,2,1,25,3,961,3,True,15,2024,6,False,1
2,4,2,21,8,764,2,True,16,2024,6,False,1
2,6,3,1,5,625,4,True,17,2024,6,False,0
2,10,3,5,3,986,5,False,18,2024,6,True,0
2,7,8,22,10,782,3,False,19,2024,6,True,1
2,5,7,7,1,781,2,True,20,2024,6,False,1
1,9,6,13,3,813,4,False,21,2024,6,True,1
2,3,10,45,9,763,1,True,22,2024,6,False,2
1,1,10,23,5,65,4,False,23,2024,6,True,2
0,4,4,21,10,905,2,True,24,2024,6,False,2
1,9,9,6,2,527,3,False,25,2024,6,True,1
2,4,1,20,7,577,3,True,26,2024,6,False,1
0,2,2,12,2,990,1,False,27,2024,6,False,1
2,10,4,40,4,545,2,True,28,2024,6,False,0
2,5,3,9,7,616,2,True,29,2024,6,False,1
1,3,1,28,4,850,4,True,30,2024,6,False,1
2,9,5,11,7,859,3,False,1,2024,7,False,0
2,4,7,32,7,22,2,False,2,2024,7,False,1
2,6,2,11,1,47,2,True,3,2024,7,False,0
2,2,5,24,6,400,3,False,4,2024,7,True,1
2,6,6,15,9,176,2,False,5,2024,7,False,1
2,3,7,41,2,874,3,False,6,2024,7,True,1
0,9,1,35,3,933,4,False,7,2024,7,True,1
0,2,7,17,10,950,2,True,8,2024,7,False,2
1,9,4,25,5,530,2,True,9,2024,7,False,1
2,5,8,35,9,352,1,False,10,2024,7,False,1
2,8,4,19,4,863,3,False,11,2024,7,False,0
0,2,6,41,1,706,3,False,12,2024,7,True,2
1,6,9,31,4,133,3,True,13,2024,7,False,1
2,3,5,17,6,408,4,True,14,2024,7,False,1
2,10,4,23,5,506,3,False,15,2024,7,True,0
2,5,8,47,1,862,2,False,16,2024,7,False,1
2,8,9,1,4,269,3,False,17,2024,7,False,0
2,10,4,10,6,590,4,False,18,2024,7,True,0
1,1,3,8,10,734,6,False,19,2024,7,True,2
2,5,8,42,10,334,3,True,20,2024,7,False,1
2,3,5,26,4,258,3,True,21,2024,7,False,1
2,4,2,34,9,253,3,False,22,2024,7,False,1
2,2,10,19,5,322,3,False,23,2024,7,True,1
2,9,9,14,8,626,5,True,24,2024,7,False,1
2,3,3,8,9,672,4,True,25,2024,7,False,1
2,2,2,1,10,353,1,False,26,2024,7,True,1
1,10,1,48,5,132,3,True,27,2024,7,False,1
2,9,8,25,6,640,4,True,28,2024,7,False,1
2,7,3,24,1,381,2,False,29,2024,7,True,0
2,6,7,47,7,876,2,False,30,2024,7,True,1
1,1,1,20,4,820,1,False,31,2024,7,True,1
2,5,1,30,2,116,4,True,1,2024,8,False,0
1,3,9,5,5,977,1,False,2,2024,8,True,1
2,1,8,3,3,866,3,True,3,2024,8,False,1
1,4,3,32,6,35,2,True,4,2024,8,False,1
1,2,6,17,8,575,0,False,5,2024,8,True,1
2,2,3,42,7,973,1,False,6,2024,8,True,1
2,3,4,5,3,395,1,False,7,2024,8,False,0
2,8,1,11,8,761,3,False,8,2024,8,True,0
1,8,5,38,2,409,3,False,9,2024,8,True,1
2,7,1,4,10,639,4,True,10,2024,8,False,0
2,6,1,39,9,236,3,True,11,2024,8,False,1
1,9,10,19,4,418,3,True,12,2024,8,False,1
1,4,7,39,1,279,4,True,13,2024,8,False,1
2,1,6,46,8,843,4,False,14,2024,8,False,2
2,8,2,23,7,339,3,True,15,2024,8,False,0
2,7,2,17,5,215,1,False,16,2024,8,False,0
2,7,7,13,10,497,2,False,17,2024,8,True,1
2,3,1,27,5,437,0,False,18,2024,8,True,1
2,4,2,1,7,494,3,False,19,2024,8,True,0
2,10,8,2,5,626,3,False,20,2024,8,True,0
1,9,6,18,8,587,1,False,21,2024,8,True,1
2,6,2,36,6,563,2,True,22,2024,8,False,1
2,5,7,45,5,250,4,False,23,2024,8,True,1
2,3,4,33,9,903,2,True,24,2024,8,False,1
2,9,2,36,2,540,5,True,25,2024,8,False,0
2,5,6,2,1,722,4,False,26,2024,8,True,0
2,5,9,4,8,892,3,True,27,2024,8,False,1
1,4,9,16,3,219,3,False,28,2024,8,False,1
2,4,8,4,7,865,4,False,29,2024,8,False,1
2,1,3,9,10,692,3,False,30,2024,8,False,1
0,7,3,21,8,618,2,True,31,2024,8,False,1
2,9,2,23,6,40,6,True,1,2024,9,False,0
1,3,5,2,10,330,1,False,2,2024,9,False,1
2,2,4,3,9,607,3,True,3,2024,9,False,1
1,3,7,23,7,972,2,False,4,2024,9,False,2
2,1,4,26,10,917,4,False,5,2024,9,False,1
1,6,9,47,5,672,2,False,6,2024,9,False,2
1,7,2,7,8,657,3,True,7,2024,9,False,1
2,2,6,36,2,782,2,True,8,2024,9,False,1
2,8,7,44,7,919,2,False,9,2024,9,False,1
1,6,4,33,4,615,3,True,10,2024,9,False,1
2,4,6,36,9,453,3,True,11,2024,9,False,1
2,5,7,4,1,390,4,False,12,2024,9,True,0
2,8,4,23,7,579,4,False,13,2024,9,False,1
1,3,8,25,6,910,2,False,14,2024,9,True,2
2,3,9,41,8,97,2,False,15,2024,9,True,1
2,4,1,26,5,561,4,True,16,2024,9,False,1
2,1,7,28,1,304,2,False,17,2024,9,True,1
1,9,9,28,1,667,2,False,18,2024,9,False,1
0,8,10,21,9,159,8,True,19,2024,9,False,2
0,8,5,10,10,572,3,False,20,2024,9,True,1
2,10,2,27,6,301,3,False,21,2024,9,False,0
1,6,10,15,10,581,4,False,22,2024,9,True,2
2,7,6,17,5,277,1,False,23,2024,9,True,0
2,6,7,39,1,842,4,False,24,2024,9,True,1
2,9,2,35,6,379,4,True,25,2024,9,False,0
2,3,2,5,6,459,4,True,26,2024,9,False,1
0,3,10,16,3,289,3,False,27,2024,9,False,2
2,3,10,23,8,153,3,False,28,2024,9,False,1
2,10,1,39,1,765,2,False,29,2024,9,False,0
1,3,4,48,1,659,2,False,30,2024,9,False,1
1,9,7,9,6,123,2,False,1,2024,10,True,1
2,4,9,33,10,785,2,False,2,2024,10,True,2
2,7,3,35,1,114,3,False,3,2024,10,True,0
1,9,7,40,6,868,0,False,4,2024,10,True,1
2,7,7,24,1,748,4,False,5,2024,10,True,1
2,9,7,24,6,592,3,False,6,2024,10,True,1
2,3,2,24,3,499,6,False,7,2024,10,False,1
2,4,6,19,8,799,4,True,8,2024,10,False,1
1,8,2,39,6,260,1,True,9,2024,10,False,1
2,6,6,25,1,32,4,True,10,2024,10,False,0
2,5,10,31,5,166,6,False,11,2024,10,True,1
2,4,3,38,8,959,3,True,12,2024,10,False,1
2,8,2,25,3,771,2,False,13,2024,10,True,0
2,1,6,27,6,620,1,False,14,2024,10,True,1
2,9,2,32,5,114,4,True,15,2024,10,False,0
2,1,5,11,6,846,4,False,16,2024,10,True,1
2,8,2,5,10,312,3,True,17,2024,10,False,0
2,4,3,44,1,44,2,True,18,2024,10,False,1
2,9,3,33,7,291,4,False,19,2024,10,False,0
2,5,6,19,9,524,6,True,20,2024,10,False,1
2,3,6,43,2,185,3,True,21,2024,10,False,1
0,9,10,47,10,958,2,False,22,2024,10,True,2
2,9,3,16,5,781,5,False,23,2024,10,True,0
2,4,3,35,10,106,1,True,24,2024,10,False,1
2,4,1,11,4,673,1,False,25,2024,10,True,0
0,8,7,11,6,665,1,True,26,2024,10,False,1
2,2,8,10,6,810,1,True,27,2024,10,False,1
1,9,2,34,2,657,2,False,28,2024,10,True,1
2,6,4,5,2,847,3,False,29,2024,10,True,0
0,9,10,23,4,510,1,False,30,2024,10,True,1
1,8,7,25,1,927,1,False,31,2024,10,True,1
2,7,8,29,9,160,2,False,1,2024,11,False,1
2,1,1,40,7,887,3,False,2,2024,11,True,1
2,3,4,13,7,122,5,True,3,2024,11,False,1
2,2,6,47,3,245,4,False,4,2024,11,True,1
2,5,3,32,3,921,3,True,5,2024,11,False,1
2,5,5,34,1,594,1,True,6,2024,11,False,1
2,5,10,12,3,313,2,True,7,2024,11,False,1
2,4,9,24,3,915,0,True,8,2024,11,False,1
2,5,3,40,4,325,2,False,9,2024,11,False,1
2,3,5,21,4,273,2,False,10,2024,11,False,1
2,1,8,29,3,199,5,False,11,2024,11,True,1
0,5,6,23,10,59,3,True,12,2024,11,False,2
2,9,4,33,8,795,2,True,13,2024,11,False,1
1,9,8,8,8,720,4,True,14,2024,11,False,1
2,4,3,42,1,539,5,True,15,2024,11,False,1
2,3,3,13,7,635,3,False,16,2024,11,True,1
2,1,4,5,2,756,2,False,17,2024,11,True,1
2,2,9,41,1,565,0,False,18,2024,11,True,1
1,8,5,10,3,255,3,True,19,2024,11,False,0
2,1,8,14,4,482,1,False,20,2024,11,False,1
2,8,6,24,6,247,6,False,21,2024,11,True,1
0,7,3,11,10,719,4,False,22,2024,11,True,1
2,8,8,46,5,844,3,False,23,2024,11,True,1
0,6,9,3,4,502,7,True,24,2024,11,False,1
0,9,8,29,8,449,4,True,25,2024,11,False,2
2,3,4,48,4,41,3,True,26,2024,11,False,1
2,10,6,30,10,362,1,False,27,2024,11,True,1
2,4,1,37,2,59,2,True,28,2024,11,False,0
2,6,4,7,3,192,1,True,29,2024,11,False,0
2,8,8,17,6,458,4,True,30,2024,11,False,1
0,5,1,20,8,198,2,True,1,2024,12,False,1
1,3,3,11,8,617,1,False,2,2024,12,False,1
2,6,1,44,9,152,2,False,3,2024,12,True,1
2,4,9,25,7,370,1,False,4,2024,12,True,1
2,9,2,24,2,544,3,True,5,2024,12,False,0
2,3,9,2,8,559,1,False,6,2024,12,True,1
1,4,4,27,7,525,3,False,7,2024,12,True,1
2,7,2,19,8,103,3,True,8,2024,12,False,0
2,7,4,29,3,483,1,True,9,2024,12,False,0
2,4,10,37,7,849,2,True,10,2024,12,False,2
1,6,6,11,10,880,3,False,11,2024,12,True,1
2,3,7,19,9,362,6,False,12,2024,12,True,1
1,6,3,28,3,299,3,True,13,2024,12,False,1
2,2,3,39,10,885,5,True,14,2024,12,False,2
1,8,10,21,6,282,1,False,15,2024,12,True,1
2,2,8,26,2,185,2,False,16,2024,12,True,1
2,7,5,22,2,312,3,False,17,2024,12,False,0
1,9,4,6,5,528,3,False,18,2024,12,True,0
2,1,7,11,5,599,1,True,19,2024,12,False,1
2,8,7,14,7,245,3,True,20,2024,12,False,1
2,7,9,36,2,189,3,False,21,2024,12,True,1
1,6,9,40,7,617,1,True,22,2024,12,False,2
0,6,5,41,5,664,3,False,23,2024,12,True,2
2,6,8,2,6,467,2,False,24,2024,12,False,1
2,9,10,43,8,709,4,False,25,2024,12,True,1
1,2,1,20,10,874,4,True,26,2024,12,False,1
2,1,9,22,4,521,3,False,27,2024,12,True,1
0,6,8,39,7,783,4,False,28,2024,12,True,2
2,10,6,4,6,546,5,False,29,2024,12,True,0
0,8,3,29,10,754,3,False,30,2024,12,False,1
1,3,3,46,2,398,2,True,31,2024,12,False,1
1,10,8,24,8,220,6,False,1,2025,1,False,1
2,1,5,1,10,638,2,False,2,2025,1,False,1
2,9,10,24,9,269,2,True,3,2025,1,False,1
2,1,7,30,5,968,4,True,4,2025,1,False,2
2,3,5,12,10,428,1,True,5,2025,1,False,1
2,8,8,19,4,620,0,True,6,2025,1,False,1
2,3,10,37,6,144,4,True,7,2025,1,False,1
1,4,10,40,8,132,4,False,8,2025,1,True,2
2,8,4,43,3,1000,2,True,9,2025,1,False,1
2,1,2,4,10,156,0,True,10,2025,1,False,1
2,6,3,15,1,778,3,False,11,2025,1,False,0
2,1,8,20,4,515,6,True,12,2025,1,False,1
2,1,7,44,4,697,4,False,13,2025,1,False,2
2,8,2,20,1,169,3,True,14,2025,1,False,0
1,4,6,21,9,894,1,True,15,2025,1,False,1
2,1,9,10,3,362,4,False,16,2025,1,True,1
2,10,4,30,5,964,4,False,17,2025,1,True,1
2,7,9,24,6,599,2,False,18,2025,1,False,1
1,5,2,48,8,752,7,False,19,2025,1,True,2
2,5,2,40,6,802,2,False,20,2025,1,False,1
1,1,9,40,3,340,4,True,21,2025,1,False,2
2,10,7,38,6,841,1,True,22,2025,1,False,1
1,6,7,3,1,945,3,False,23,2025,1,True,1
2,9,1,29,4,880,0,False,24,2025,1,False,0
2,9,6,8,6,551,1,False,25,2025,1,False,0
2,8,7,29,7,308,3,True,26,2025,1,False,1
2,5,6,10,10,508,2,True,27,2025,1,False,1
2,1,6,5,3,511,2,False,28,2025,1,True,1
1,9,2,11,9,631,2,True,29,2025,1,False,1
2,1,6,4,7,271,4,False,30,2025,1,False,1
0,8,4,35,1,96,2,False,31,2025,1,False,1
1,5,9,40,2,666,3,True,1,2025,2,False,1
2,3,1,12,1,411,4,False,2,2025,2,True,0
1,7,8,21,9,431,3,False,3,2025,2,True,1
2,7,5,16,9,192,5,True,4,2025,2,False,1
2,9,1,14,7,894,1,False,5,2025,2,False,0
0,7,4,21,10,220,6,False,6,2025,2,True,1
2,3,1,48,3,236,3,False,7,2025,2,False,1
2,1,6,27,5,395,4,True,8,2025,2,False,1
2,8,2,36,4,739,4,False,9,2025,2,False,1
2,3,5,1,7,605,4,True,10,2025,2,False,1
0,8,7,1,9,30,2,True,11,2025,2,False,1
2,8,2,22,2,818,6,False,12,2025,2,False,0
2,5,6,15,8,787,1,True,13,2025,2,False,1
2,1,6,20,9,31,6,True,14,2025,2,False,1
2,10,5,3,10,911,3,False,15,2025,2,False,0
2,7,5,14,10,609,3,False,16,2025,2,False,1
2,10,3,9,9,454,2,False,17,2025,2,True,0
2,5,10,19,10,703,3,False,18,2025,2,True,1
2,8,10,40,7,627,5,True,19,2025,2,False,1
0,9,2,34,9,837,4,True,20,2025,2,False,1
2,7,7,4,9,392,4,True,21,2025,2,False,1
1,7,1,33,3,292,2,False,22,2025,2,True,1
1,1,6,43,4,950,4,False,23,2025,2,True,2
1,4,6,37,2,916,5,False,24,2025,2,True,1
1,2,3,2,10,944,3,False,25,2025,2,True,1
2,2,2,27,3,710,5,True,26,2025,2,False,1
2,2,2,45,5,595,1,False,27,2025,2,True,1
2,4,9,17,5,528,4,True,28,2025,2,False,1
2,1,5,31,6,151,3,False,1,2025,3,True,1
1,4,7,41,7,874,6,True,2,2025,3,False,2
2,2,5,6,7,943,4,False,3,2025,3,False,1
1,5,7,31,1,803,3,True,4,2025,3,False,1
2,3,4,3,2,338,2,True,5,2025,3,False,0
0,8,8,40,9,863,3,True,6,2025,3,False,2
2,4,10,3,10,968,3,False,7,2025,3,True,1
2,1,10,33,2,872,1,False,8,2025,3,True,1
2,1,7,13,6,640,2,True,9,2025,3,False,1
1,10,10,21,1,804,3,True,10,2025,3,False,1
2,3,5,37,3,187,4,False,11,2025,3,True,1
0,9,6,16,2,416,3,True,12,2025,3,False,1
0,7,5,21,3,199,1,False,13,2025,3,False,1
1,2,7,48,5,77,1,False,14,2025,3,True,2
2,9,2,44,10,499,1,True,15,2025,3,False,1
1,10,5,13,6,952,4,True,16,2025,3,False,1
1,2,10,4,9,610,2,False,17,2025,3,False,2
2,3,3,31,10,479,4,True,18,2025,3,False,1
2,10,9,9,4,80,2,True,19,2025,3,False,0
2,2,6,48,7,388,3,False,20,2025,3,False,1
2,3,10,33,6,140,5,False,21,2025,3,False,1
2,6,3,37,2,738,4,False,22,2025,3,False,1
0,9,7,37,10,565,3,False,23,2025,3,True,2
2,9,4,24,8,601,1,True,24,2025,3,False,0
2,7,3,25,7,36,4,True,25,2025,3,False,0
0,3,8,41,7,515,4,False,26,2025,3,True,2
2,4,4,29,8,516,3,False,27,2025,3,True,1
1,6,1,40,1,524,4,True,28,2025,3,False,1
2,5,6,47,1,551,4,False,29,2025,3,False,1
2,2,10,36,8,988,3,True,30,2025,3,False,2
2,6,1,15,4,334,1,False,31,2025,3,True,0
2,3,5,45,5,88,1,True,1,2025,4,False,1
2,8,7,18,8,746,4,False,2,2025,4,True,1
1,2,6,20,5,180,4,True,3,2025,4,False,1
2,1,2,5,10,633,3,True,4,2025,4,False,1
1,9,4,18,4,907,2,True,5,2025,4,False,1
2,3,2,40,6,737,3,False,6,2025,4,True,1
2,1,1,1,5,164,3,False,7,2025,4,True,0
2,7,3,19,7,588,4,False,8,2025,4,True,1
2,10,3,23,10,614,3,False,9,2025,4,False,0
1,5,7,26,7,404,0,True,10,2025,4,False,1
0,5,1,29,4,288,5,True,11,2025,4,False,1
1,1,9,34,5,942,2,False,12,2025,4,False,2
2,9,6,19,3,473,2,True,13,2025,4,False,0
2,7,4,48,4,718,3,False,14,2025,4,False,1
2,8,3,18,4,537,2,True,15,2025,4,False,0
1,9,3,2,3,884,2,False,16,2025,4,False,0
2,6,2,27,10,369,2,True,17,2025,4,False,1
2,5,2,6,5,129,1,False,18,2025,4,False,0
2,6,10,39,5,502,3,False,19,2025,4,True,1
2,2,5,6,7,426,4,False,20,2025,4,False,1
2,4,9,6,4,669,1,True,21,2025,4,False,1
2,3,2,31,4,70,2,False,22,2025,4,True,1
1,7,2,41,9,422,3,False,23,2025,4,False,1
0,9,6,40,6,582,2,False,24,2025,4,True,1
2,5,10,30,4,495,4,False,25,2025,4,True,1
2,6,2,21,2,106,0,False,26,2025,4,True,0
2,10,4,41,6,87,4,False,27,2025,4,True,0
0,2,6,44,2,615,2,False,28,2025,4,True,2
0,3,5,18,5,998,7,False,29,2025,4,True,2
0,3,1,23,6,61,4,False,30,2025,4,False,1
1,9,6,38,4,750,2,True,1,2025,5,False,1
2,7,1,23,3,76,2,True,2,2025,5,False,0
1,8,3,28,7,757,6,False,3,2025,5,False,1
2,10,10,36,2,215,2,False,4,2025,5,False,1
2,9,5,25,6,779,8,False,5,2025,5,True,1
1,6,10,7,4,697,3,False,6,2025,5,True,1
2,4,5,18,6,81,2,True,7,2025,5,False,1
2,1,10,20,4,282,2,True,8,2025,5,False,1
2,8,6,5,4,131,4,False,9,2025,5,True,0
2,7,10,18,4,784,4,True,10,2025,5,False,1
1,2,8,42,9,730,6,False,11,2025,5,True,2
2,8,5,40,7,197,4,True,12,2025,5,False,1
2,5,1,33,3,967,4,False,13,2025,5,False,1
2,7,5,15,3,45,5,False,14,2025,5,False,0
2,4,3,35,6,429,3,False,15,2025,5,True,1
2,5,4,47,6,777,2,False,16,2025,5,True,1
2,8,8,46,4,550,3,True,17,2025,5,False,1
2,1,7,1,9,796,2,False,18,2025,5,False,1
1,1,5,21,4,336,2,False,19,2025,5,True,1
0,4,2,8,9,551,8,True,20,2025,5,False,1
2,3,6,7,4,125,2,False,21,2025,5,False,1
2,10,6,41,2,768,4,False,22,2025,5,False,1
2,2,10,44,2,837,8,False,23,2025,5,False,2
1,3,10,40,5,483,5,False,24,2025,5,True,2
2,1,6,40,4,265,7,False,25,2025,5,True,1
1,1,9,30,7,100,3,True,26,2025,5,False,2
1,6,8,38,5,681,1,False,27,2025,5,False,1
0,5,8,35,6,928,2,False,28,2025,5,False,2
0,8,1,2,10,415,2,True,29,2025,5,False,1
2,2,5,46,4,541,2,True,30,2025,5,False,1
2,4,7,8,2,852,6,True,31,2025,5,False,1
0,8,6,38,10,755,2,False,1,2025,6,False,2
2,6,5,4,9,945,5,False,2,2025,6,False,1
2,1,8,37,10,283,2,True,3,2025,6,False,2
2,4,3,21,7,680,4,False,4,2025,6,True,1
2,1,6,13,4,809,5,True,5,2025,6,False,1
1,2,5,9,3,293,1,False,6,2025,6,False,1
2,5,8,45,10,725,4,False,7,2025,6,False,2
2,8,4,29,3,963,1,False,8,2025,6,False,1
0,8,8,41,9,191,5,False,9,2025,6,True,2
1,3,10,24,5,284,6,True,10,2025,6,False,2
2,4,2,16,3,982,4,True,11,2025,6,False,1
2,10,9,12,5,841,3,True,12,2025,6,False,1
2,6,9,2,2,45,1,False,13,2025,6,False,0
2,10,10,19,4,488,1,False,14,2025,6,False,0
2,3,10,30,10,881,1,False,15,2025,6,False,2
2,2,6,16,2,495,3,False,16,2025,6,False,1
1,6,4,24,2,375,2,False,17,2025,6,True,1
2,5,4,13,8,45,0,False,18,2025,6,True,0
2,10,6,5,1,53,1,False,19,2025,6,False,0
2,5,5,23,7,283,6,False,20,2025,6,False,1
2,10,6,38,5,157,4,True,21,2025,6,False,1
1,5,7,31,8,835,2,False,22,2025,6,True,2
2,10,7,17,1,714,4,True,23,2025,6,False,0
2,5,9,3,7,894,5,False,24,2025,6,False,1
2,3,8,26,5,773,0,False,25,2025,6,True,1
0,7,6,13,4,585,0,True,26,2025,6,False,1
2,6,6,44,7,481,4,False,27,2025,6,True,1
2,4,5,38,10,187,3,False,28,2025,6,True,1
2,2,1,22,2,650,4,True,29,2025,6,False,1
1,9,9,21,1,674,1,True,30,2025,6,False,1
2,1,9,29,1,100,3,False,1,2025,7,True,1
2,4,9,45,1,776,4,False,2,2025,7,True,1
2,1,8,46,5,933,2,False,3,2025,7,True,2
2,6,10,39,10,883,5,False,4,2025,7,True,2
1,4,3,5,7,889,2,False,5,2025,7,False,1
1,5,1,14,2,426,4,False,6,2025,7,True,1
2,5,8,18,10,593,2,False,7,2025,7,True,1
2,9,7,4,8,65,3,False,8,2025,7,False,0
2,1,5,33,4,618,3,True,9,2025,7,False,1
2,2,10,39,3,630,0,True,10,2025,7,False,1
2,6,7,20,10,826,5,True,11,2025,7,False,1
2,5,10,13,8,930,5,False,12,2025,7,True,1
2,7,4,36,2,72,2,False,13,2025,7,True,0
2,3,9,45,3,723,2,False,14,2025,7,True,1
0,3,10,4,3,978,1,True,15,2025,7,False,2
1,10,2,35,10,495,0,True,16,2025,7,False,1
0,2,9,8,1,611,5,True,17,2025,7,False,2
2,3,9,40,6,35,2,True,18,2025,7,False,1
0,10,5,47,2,379,5,False,19,2025,7,True,1
2,1,1,36,1,506,3,True,20,2025,7,False,1
2,5,7,6,2,857,1,True,21,2025,7,False,1
1,5,10,22,6,725,1,False,22,2025,7,False,1
2,7,10,6,4,521,4,True,23,2025,7,False,1
2,4,4,42,6,160,5,False,24,2025,7,True,1
2,3,9,36,9,639,1,False,25,2025,7,True,2
2,1,6,9,10,834,0,True,26,2025,7,False,1
2,8,3,16,10,796,1,False,27,2025,7,True,1
2,3,6,39,8,466,7,False,28,2025,7,False,1
1,2,10,46,1,309,4,False,29,2025,7,False,2
2,4,6,38,8,228,5,True,30,2025,7,False,1
2,3,5,33,9,494,2,False,31,2025,7,False,1
2,1,2,18,6,432,4,False,1,2025,8,True,1
2,3,10,12,10,696,4,True,2,2025,8,False,1
0,2,10,27,5,446,0,False,3,2025,8,True,2
2,8,2,47,6,873,3,False,4,2025,8,False,1
2,6,7,1,6,390,3,False,5,2025,8,True,1
2,9,2,15,9,851,5,True,6,2025,8,False,0
1,8,6,47,4,683,3,False,7,2025,8,True,1
1,10,5,27,2,986,5,True,8,2025,8,False,1
2,3,4,16,9,309,4,True,9,2025,8,False,1
2,5,7,21,2,451,0,True,10,2025,8,False,1
2,7,8,1,10,287,2,True,11,2025,8,False,1
2,5,4,29,9,170,1,True,12,2025,8,False,1
2,8,1,3,2,738,3,True,13,2025,8,False,0
1,5,1,12,8,274,5,False,14,2025,8,True,1
2,1,1,28,9,372,6,True,15,2025,8,False,1
1,5,1,39,10,396,2,True,16,2025,8,False,1
2,4,5,37,9,672,2,False,17,2025,8,False,1
2,6,4,31,10,874,6,False,18,2025,8,True,1
2,3,9,31,9,377,9,False,19,2025,8,True,2
2,5,3,33,2,627,3,True,20,2025,8,False,1
2,2,7,33,4,960,0,True,21,2025,8,False,1
2,6,8,47,7,389,3,True,22,2025,8,False,1
2,6,6,40,2,246,1,True,23,2025,8,False,1
2,5,10,11,1,724,3,True,24,2025,8,False,1
2,6,1,46,3,322,3,True,25,2025,8,False,1
2,7,8,29,4,845,2,True,26,2025,8,False,1
2,5,10,25,8,408,0,True,27,2025,8,False,1
2,1,3,13,6,396,4,False,28,2025,8,True,1
2,8,8,44,2,992,3,True,29,2025,8,False,1
2,4,4,19,9,137,2,True,30,2025,8,False,1
1,9,8,36,2,24,1,False,31,2025,8,True,1
1,10,1,28,5,463,3,False,1,2025,9,True,0
2,6,3,4,4,371,0,True,2,2025,9,False,0
2,1,6,3,7,774,4,False,3,2025,9,True,1
2,3,9,38,8,552,4,False,4,2025,9,True,2
1,3,2,37,5,683,1,True,5,2025,9,False,1
2,10,1,43,10,659,3,False,6,2025,9,False,1
2,4,10,25,5,143,3,False,7,2025,9,False,1
1,6,3,41,2,677,3,True,8,2025,9,False,1
2,7,4,35,8,296,6,True,9,2025,9,False,1
2,10,5,29,2,841,5,False,10,2025,9,False,0
2,4,3,41,10,413,5,False,11,2025,9,True,1
2,6,10,29,6,683,3,True,12,2025,9,False,1
1,1,2,12,8,379,2,True,13,2025,9,False,1
1,8,2,35,6,642,5,True,14,2025,9,False,1
2,7,7,20,4,488,5,False,15,2025,9,True,1
2,9,9,17,4,647,6,False,16,2025,9,True,1
2,3,10,12,6,719,1,True,17,2025,9,False,1
2,2,2,36,4,76,4,False,18,2025,9,True,1
2,1,7,10,8,270,1,False,19,2025,9,True,1
2,3,7,18,9,915,1,True,20,2025,9,False,1
2,5,7,30,1,938,4,True,21,2025,9,False,1
2,2,3,8,4,169,5,False,22,2025,9,True,1
2,3,7,41,4,471,2,False,23,2025,9,False,1
2,4,1,13,2,181,1,False,24,2025,9,True,0
2,7,10,31,6,139,5,False,25,2025,9,True,1
2,3,1,6,3,601,5,True,26,2025,9,False,0
2,9,5,7,7,943,1,True,27,2025,9,False,0
2,8,2,21,5,370,3,False,28,2025,9,True,0
2,4,9,38,4,118,7,True,29,2025,9,False,1
2,1,7,43,5,186,3,True,30,2025,9,False,1
2,1,4,28,8,829,2,True,1,2025,10,False,1
2,1,4,44,3,682,2,True,2,2025,10,False,1
2,1,2,21,7,857,5,True,3,2025,10,False,1
1,8,5,21,6,995,2,True,4,2025,10,False,1
2,3,4,24,1,533,2,True,5,2025,10,False,1
2,6,1,27,7,683,3,True,6,2025,10,False,1
2,3,8,27,7,420,2,False,7,2025,10,False,1
2,5,3,13,1,384,3,False,8,2025,10,True,0
2,7,6,29,9,596,2,False,9,2025,10,True,1
2,2,4,39,6,345,2,False,10,2025,10,True,1
2,6,9,28,2,600,0,False,11,2025,10,True,1
2,6,7,37,5,652,7,True,12,2025,10,False,1
2,3,9,29,4,640,5,False,13,2025,10,True,1
2,6,10,48,7,847,1,False,14,2025,10,True,1
1,10,3,22,8,266,1,False,15,2025,10,True,1
2,10,1,36,1,453,2,True,16,2025,10,False,0
1,5,5,30,5,112,3,True,17,2025,10,False,1
1,2,3,28,3,287,2,True,18,2025,10,False,1
2,9,6,23,1,634,3,True,19,2025,10,False,0
2,8,8,33,3,962,4,False,20,2025,10,True,1
2,3,4,4,6,982,3,False,21,2025,10,True,1
1,8,5,3,7,643,9,True,22,2025,10,False,1
1,9,5,32,8,340,3,False,23,2025,10,False,1
2,3,4,4,4,942,4,False,24,2025,10,True,1
1,3,4,1,3,835,1,True,25,2025,10,False,1
2,2,4,12,5,875,4,True,26,2025,10,False,1
2,8,4,13,9,81,1,True,27,2025,10,False,0
0,10,4,34,6,319,4,True,28,2025,10,False,1
1,1,5,29,9,422,2,True,29,2025,10,False,2
2,8,2,9,6,974,5,True,30,2025,10,False,0
1,7,2,31,2,667,3,True,31,2025,10,False,1
0,7,9,7,5,586,4,True,1,2025,11,False,1
1,3,2,13,9,639,1,False,2,2025,11,False,1
1,1,6,2,8,322,2,True,3,2025,11,False,1
1,4,2,33,7,789,3,False,4,2025,11,True,1
2,9,5,7,1,272,6,True,5,2025,11,False,0
1,5,4,18,4,753,5,False,6,2025,11,False,1
2,1,7,8,7,497,4,True,7,2025,11,False,1
1,5,7,12,7,388,3,True,8,2025,11,False,1
2,8,6,43,6,698,5,False,9,2025,11,False,1
2,8,10,30,8,960,3,False,10,2025,11,False,1
2,5,5,9,6,179,3,False,11,2025,11,False,1
2,9,1,28,10,980,5,True,12,2025,11,False,1
2,1,3,4,3,185,5,True,13,2025,11,False,1
0,4,9,39,4,224,3,False,14,2025,11,True,2
0,3,1,17,3,286,4,False,15,2025,11,False,1
2,2,5,11,1,157,2,False,16,2025,11,True,0
0,8,2,2,10,387,2,False,17,2025,11,True,1
1,7,4,23,5,462,1,True,18,2025,11,False,1
2,9,1,22,1,877,3,False,19,2025,11,True,0
2,2,3,26,1,779,4,True,20,2025,11,False,1
0,4,10,12,2,586,1,True,21,2025,11,False,1
2,6,7,32,4,935,3,True,22,2025,11,False,1
1,3,10,9,6,740,5,False,23,2025,11,True,2
1,8,3,43,8,36,1,True,24,2025,11,False,1
1,3,4,5,3,87,4,True,25,2025,11,False,1
2,2,2,26,1,152,1,False,26,2025,11,True,0
2,3,3,7,3,719,9,True,27,2025,11,False,1
2,6,9,29,3,938,2,False,28,2025,11,True,1
2,2,3,33,5,449,0,True,29,2025,11,False,1
2,8,5,24,4,327,2,False,30,2025,11,True,0
2,1,2,25,4,669,3,False,1,2025,12,True,1
2,7,4,31,9,193,1,True,2,2025,12,False,1
1,2,7,29,7,431,2,True,3,2025,12,False,2
2,10,7,5,4,116,4,True,4,2025,12,False,0
2,6,3,38,3,702,1,True,5,2025,12,False,1
2,2,5,45,6,173,2,False,6,2025,12,False,1
2,2,1,11,3,714,2,True,7,2025,12,False,1
2,10,10,32,6,261,0,False,8,2025,12,False,1
1,8,10,8,9,323,2,True,9,2025,12,False,1
2,2,10,20,6,304,4,False,10,2025,12,True,1
1,7,1,34,4,46,5,False,11,2025,12,True,1
2,3,5,47,5,421,3,False,12,2025,12,True,1
1,8,10,42,6,379,6,False,13,2025,12,True,2
1,7,9,8,3,79,2,True,14,2025,12,False,1
0,8,1,2,8,221,3,True,15,2025,12,False,1
1,7,1,21,4,781,4,False,16,2025,12,False,1
0,6,4,15,8,893,5,False,17,2025,12,False,2
1,7,4,6,10,600,1,False,18,2025,12,False,1
2,5,2,5,10,989,3,True,19,2025,12,False,1
2,7,9,3,3,389,1,False,20,2025,12,True,0
2,1,9,43,10,552,4,False,21,2025,12,False,2
2,1,2,43,7,171,4,True,22,2025,12,False,1
2,9,9,16,9,121,3,True,23,2025,12,False,1
2,5,6,35,4,918,1,False,24,2025,12,True,1
1,5,8,9,8,626,3,False,25,2025,12,True,1
0,3,10,35,3,465,0,False,26,2025,12,False,2
2,5,4,19,7,892,2,True,27,2025,12,False,1
2,3,2,43,3,248,2,False,28,2025,12,True,1
0,9,2,46,7,144,8,True,29,2025,12,False,1
2,9,9,34,10,789,0,True,30,2025,12,False,1
1,6,1,39,10,853,0,True,31,2025,12,False,1
2,1,7,10,6,900,4,False,1,2026,1,False,1
2,7,3,10,2,957,1,False,2,2026,1,True,0
2,7,3,20,3,255,0,False,3,2026,1,True,0
1,10,2,1,6,181,4,True,4,2026,1,False,0
2,10,10,6,4,573,5,False,5,2026,1,False,0
2,4,6,46,6,807,4,True,6,2026,1,False,1
2,8,10,2,1,372,3,False,7,2026,1,False,0
2,6,2,38,10,87,5,True,8,2026,1,False,1
0,4,10,33,1,192,3,True,9,2026,1,False,2
1,4,4,3,3,862,1,False,10,2026,1,True,1
2,2,10,36,8,656,1,True,11,2026,1,False,2
2,2,9,13,8,701,0,False,12,2026,1,True,1
2,4,9,35,4,578,5,False,13,2026,1,True,1
1,5,6,15,6,280,3,True,14,2026,1,False,1
1,8,4,45,8,236,2,False,15,2026,1,False,1
2,6,7,22,7,836,2,True,16,2026,1,False,1
1,4,1,43,7,143,4,False,17,2026,1,True,1
2,7,4,4,4,824,3,False,18,2026,1,False,0
0,8,5,17,9,181,2,False,19,2026,1,True,1
0,2,8,5,10,220,3,True,20,2026,1,False,2
1,7,2,21,6,473,3,False,21,2026,1,False,1
1,2,5,24,3,421,2,False,22,2026,1,True,1
2,2,6,31,5,481,3,True,23,2026,1,False,1
1,8,5,40,5,294,2,True,24,2026,1,False,1
2,2,9,30,5,225,2,False,25,2026,1,True,1
2,9,10,42,8,59,3,False,26,2026,1,True,1
2,1,1,7,9,292,4,False,27,2026,1,True,1
1,9,3,7,9,719,5,False,28,2026,1,False,1
2,1,2,27,6,886,4,False,29,2026,1,True,1
2,10,3,24,6,112,3,True,30,2026,1,False,0
2,10,10,19,9,61,5,True,31,2026,1,False,1
2,2,9,41,4,484,2,True,1,2026,2,False,1
2,6,9,34,6,398,4,False,2,2026,2,True,1
1,6,10,22,4,126,3,True,3,2026,2,False,1
1,1,2,27,1,347,4,False,4,2026,2,True,1
2,7,3,6,7,84,4,False,5,2026,2,True,0
1,8,4,10,10,384,1,False,6,2026,2,False,1
1,2,9,45,6,840,2,True,7,2026,2,False,2
2,8,3,31,9,503,4,False,8,2026,2,False,1
1,9,7,25,7,666,3,True,9,2026,2,False,1
0,6,3,2,7,920,3,False,10,2026,2,False,1
2,5,7,10,2,43,6,True,11,2026,2,False,1
2,9,7,10,9,559,4,True,12,2026,2,False,1
0,9,9,26,10,81,6,False,13,2026,2,True,2
2,1,2,5,9,510,4,True,14,2026,2,False,1
2,3,6,22,6,292,1,True,15,2026,2,False,1
2,9,9,4,3,248,4,False,16,2026,2,True,0
2,2,2,34,1,39,3,False,17,2026,2,True,1
1,4,2,7,4,22,5,False,18,2026,2,True,1
2,4,5,17,3,440,3,False,19,2026,2,True,1
2,2,10,11,1,749,2,False,20,2026,2,True,1
2,3,10,8,3,930,1,True,21,2026,2,False,1
2,3,10,28,4,326,2,True,22,2026,2,False,1
2,1,8,44,8,451,5,True,23,2026,2,False,2
2,6,9,33,9,155,2,False,24,2026,2,False,1
1,8,2,25,3,928,5,False,25,2026,2,True,1
2,3,5,21,6,963,4,True,26,2026,2,False,1
2,5,7,12,10,534,1,False,27,2026,2,True,1
2,1,6,26,5,212,2,False,28,2026,2,False,1
2,10,6,29,6,604,1,True,1,2026,3,False,1
2,7,7,38,4,434,2,False,2,2026,3,True,1
2,10,3,35,10,892,2,False,3,2026,3,True,1
1,1,3,37,6,137,3,False,4,2026,3,True,1
2,9,10,46,7,685,3,True,5,2026,3,False,1
1,8,9,44,9,228,6,False,6,2026,3,False,2
2,7,8,45,10,971,6,False,7,2026,3,False,2
0,10,5,45,7,53,2,False,8,2026,3,True,1
2,7,6,29,6,668,4,False,9,2026,3,True,1
1,5,10,24,1,337,5,False,10,2026,3,False,1
2,5,1,15,2,139,3,False,11,2026,3,True,0
2,5,10,6,1,646,3,True,12,2026,3,False,1
2,1,1,32,9,544,3,False,13,2026,3,True,1
0,8,4,44,10,600,5,False,14,2026,3,True,2
2,1,2,34,10,956,2,True,15,2026,3,False,1
2,4,7,36,9,864,3,False,16,2026,3,True,1
1,9,2,20,7,788,3,False,17,2026,3,False,1
2,9,10,12,2,108,3,False,18,2026,3,False,0
1,5,2,35,6,531,2,False,19,2026,3,True,1
2,4,5,38,4,66,3,True,20,2026,3,False,1
1,3,4,17,1,791,2,False,21,2026,3,False,1
2,3,8,27,1,759,5,False,22,2026,3,False,1
2,5,4,17,5,978,4,True,23,2026,3,False,1
2,10,6,11,2,711,4,False,24,2026,3,False,0
1,1,5,39,4,541,2,False,25,2026,3,False,2
2,5,2,2,1,303,3,False,26,2026,3,True,0
2,6,8,2,4,396,5,False,27,2026,3,True,1
0,7,2,29,6,657,2,True,28,2026,3,False,1
2,9,9,45,10,153,5,True,29,2026,3,False,1
1,3,9,24,4,686,0,True,30,2026,3,False,1
0,2,3,24,1,267,2,False,31,2026,3,False,1
1,3,4,16,7,671,0,True,1,2026,4,False,1
1,9,8,31,2,337,1,True,2,2026,4,False,1
2,7,9,43,9,455,3,True,3,2026,4,False,1
2,9,3,9,3,195,4,False,4,2026,4,True,0
1,2,5,27,8,854,3,False,5,2026,4,False,2
2,5,8,41,8,705,6,True,6,2026,4,False,2
2,4,3,14,3,605,3,True,7,2026,4,False,1
1,2,7,45,4,370,3,False,8,2026,4,True,2
2,9,8,25,2,162,5,False,9,2026,4,True,0
0,9,10,43,4,986,5,True,10,2026,4,False,2
1,6,3,44,9,823,1,False,11,2026,4,True,1
1,6,2,22,2,417,3,True,12,2026,4,False,1
1,8,10,35,3,643,3,True,13,2026,4,False,1
1,6,7,33,4,737,4,False,14,2026,4,True,1
1,1,9,27,5,662,6,True,15,2026,4,False,2
2,4,1,40,1,388,4,False,16,2026,4,False,1
2,7,3,26,7,520,5,True,17,2026,4,False,1
1,2,5,19,10,641,4,False,18,2026,4,True,2
1,9,3,45,7,389,3,False,19,2026,4,True,1
2,8,1,39,9,598,2,True,20,2026,4,False,1
2,8,7,45,4,401,3,False,21,2026,4,True,1
2,7,7,26,6,105,2,True,22,2026,4,False,1
2,4,10,6,2,806,4,False,23,2026,4,False,1
0,2,8,3,4,758,3,True,24,2026,4,False,2
0,3,5,6,2,479,2,True,25,2026,4,False,1
2,6,10,28,10,969,4,True,26,2026,4,False,2
2,5,5,3,5,344,1,False,27,2026,4,False,0
2,8,5,13,7,541,3,False,28,2026,4,True,0
1,6,1,13,1,508,3,False,29,2026,4,True,0
2,6,10,13,10,948,3,True,30,2026,4,False,1
2,1,5,1,10,416,4,False,1,2026,5,True,1
2,4,6,40,7,915,0,True,2,2026,5,False,1
2,5,1,37,10,374,2,False,3,2026,5,False,1
2,3,7,31,6,966,2,True,4,2026,5,False,1
2,9,1,17,6,307,2,True,5,2026,5,False,0
2,1,2,9,8,478,5,True,6,2026,5,False,1
2,6,2,45,8,643,2,False,7,2026,5,True,1
2,6,5,13,6,555,2,False,8,2026,5,True,1
1,10,10,37,3,310,2,True,9,2026,5,False,1
1,5,7,14,5,870,3,False,10,2026,5,True,1
1,5,1,11,2,857,3,False,11,2026,5,True,1
0,10,10,25,5,187,5,False,12,2026,5,True,1
2,5,1,31,9,969,3,True,13,2026,5,False,1
2,6,1,14,10,640,2,True,14,2026,5,False,1
2,8,6,7,1,447,6,False,15,2026,5,True,0
1,2,2,24,10,721,5,True,16,2026,5,False,2
0,6,1,36,5,509,4,True,17,2026,5,False,1
2,1,6,42,6,374,3,False,18,2026,5,False,1
2,4,2,42,7,215,3,False,19,2026,5,False,1
2,10,6,47,9,564,1,True,20,2026,5,False,1
1,3,10,44,6,736,2,True,21,2026,5,False,2
2,9,8,41,5,843,5,False,22,2026,5,True,1
2,3,2,3,7,951,2,True,23,2026,5,False,1
2,6,9,47,1,713,5,True,24,2026,5,False,1
2,1,8,44,5,678,5,True,25,2026,5,False,2
1,6,10,26,2,958,2,False,26,2026,5,True,1
2,4,1,47,4,799,5,False,27,2026,5,True,1
1,8,7,26,7,30,5,True,28,2026,5,False,1
2,9,10,1,5,601,2,True,29,2026,5,False,0
1,4,6,15,6,275,4,True,30,2026,5,False,1
1,10,6,11,2,415,1,False,31,2026,5,True,0
2,10,6,37,3,750,3,True,1,2026,6,False,1
2,6,6,7,7,828,6,True,2,2026,6,False,1
1,1,10,12,2,428,4,False,3,2026,6,True,1
2,4,7,38,6,381,2,True,4,2026,6,False,1
1,7,3,3,5,278,6,False,5,2026,6,True,1
1,1,6,42,10,22,5,True,6,2026,6,False,2
1,8,3,26,1,103,4,True,7,2026,6,False,0
2,10,7,30,10,175,7,True,8,2026,6,False,1
2,6,7,32,4,682,5,False,9,2026,6,True,1
2,5,8,36,2,195,4,False,10,2026,6,False,1
2,10,2,45,4,726,3,False,11,2026,6,False,0
1,9,9,37,1,957,2,True,12,2026,6,False,1
1,2,5,18,2,491,3,False,13,2026,6,True,1
2,5,9,1,8,638,3,True,14,2026,6,False,1
1,6,10,21,6,443,3,True,15,2026,6,False,1
2,7,5,28,2,153,3,False,16,2026,6,False,0
2,5,7,48,6,807,0,True,17,2026,6,False,1
0,9,9,16,10,926,6,True,18,2026,6,False,2
0,1,4,48,9,883,3,True,19,2026,6,False,2
2,7,2,28,7,399,4,True,20,2026,6,False,1
0,10,9,22,9,686,0,True,21,2026,6,False,1
2,7,2,19,5,296,1,False,22,2026,6,True,0
2,4,3,48,7,255,2,True,23,2026,6,False,1
2,9,10,1,7,771,1,False,24,2026,6,False,1
0,5,2,31,3,901,4,False,25,2026,6,False,1
2,4,3,42,7,32,2,True,26,2026,6,False,1
2,7,6,34,1,361,4,True,27,2026,6,False,1
2,4,3,46,9,54,4,True,28,2026,6,False,1
1,3,10,40,10,578,2,False,29,2026,6,True,2
2,9,8,6,6,233,5,True,30,2026,6,False,0
2,8,6,28,5,431,5,False,1,2026,7,True,1
2,1,7,3,7,424,1,True,2,2026,7,False,1
2,7,1,31,5,513,5,False,3,2026,7,True,1
1,9,3,16,10,677,2,True,4,2026,7,False,1
2,8,3,17,5,178,1,True,5,2026,7,False,0
1,8,2,44,10,975,5,False,6,2026,7,False,1
2,6,7,27,7,656,6,False,7,2026,7,True,1
1,4,9,24,10,129,1,True,8,2026,7,False,2
2,8,4,20,7,568,5,False,9,2026,7,False,1
2,3,5,32,3,808,3,False,10,2026,7,True,1
2,9,3,35,3,545,0,False,11,2026,7,False,0
1,2,9,13,10,366,1,False,12,2026,7,True,2
1,2,4,48,3,763,5,True,13,2026,7,False,2
2,7,5,43,6,847,2,True,14,2026,7,False,1
1,10,1,20,6,655,3,True,15,2026,7,False,0
2,4,2,48,3,298,3,False,16,2026,7,True,1
2,10,9,2,3,498,4,False,17,2026,7,True,0
2,8,2,4,8,130,3,True,18,2026,7,False,0
2,9,5,27,8,655,4,True,19,2026,7,False,1
1,7,8,25,7,944,3,False,20,2026,7,False,1
2,5,3,4,10,450,7,False,21,2026,7,False,1
2,8,6,32,4,561,3,False,22,2026,7,True,1
2,4,4,17,4,134,3,True,23,2026,7,False,1
2,2,7,1,3,109,1,True,24,2026,7,False,1
2,6,10,33,5,231,3,True,25,2026,7,False,1
2,9,3,30,3,569,2,False,26,2026,7,False,0
2,1,6,5,8,614,5,True,27,2026,7,False,1
2,10,10,12,7,558,6,False,28,2026,7,True,1
2,7,9,38,3,748,4,True,29,2026,7,False,1
2,10,10,32,9,379,4,False,30,2026,7,True,1
2,9,1,38,5,505,2,False,31,2026,7,True,0
2,10,3,17,9,391,3,False,1,2026,8,False,0
2,9,2,45,7,234,5,True,2,2026,8,False,1
2,10,8,40,7,752,2,True,3,2026,8,False,1
2,3,7,32,6,34,3,True,4,2026,8,False,1
2,5,2,24,2,974,3,False,5,2026,8,False,1
2,8,6,12,9,278,3,False,6,2026,8,False,1
2,8,3,47,6,797,4,False,7,2026,8,True,1
2,4,8,31,8,482,3,False,8,2026,8,True,1
0,1,10,19,1,139,0,False,9,2026,8,True,2
2,1,3,29,5,995,3,True,10,2026,8,False,1
2,4,10,21,1,932,2,False,11,2026,8,False,1
1,6,9,26,10,147,6,True,12,2026,8,False,2
2,8,1,28,8,742,1,True,13,2026,8,False,0
1,6,5,17,8,542,2,False,14,2026,8,True,1
2,9,3,9,1,707,2,True,15,2026,8,False,0
0,9,6,21,9,664,1,True,16,2026,8,False,1
2,2,10,34,2,344,4,False,17,2026,8,True,1
2,10,2,11,9,339,5,True,18,2026,8,False,0
1,1,9,20,1,525,2,False,19,2026,8,True,1
2,2,6,47,10,545,4,True,20,2026,8,False,2
2,5,7,39,9,69,4,True,21,2026,8,False,1
1,4,5,16,4,941,3,True,22,2026,8,False,1
2,4,9,29,9,603,4,True,23,2026,8,False,1
2,9,1,1,7,88,2,False,24,2026,8,True,0
2,8,5,18,6,410,2,True,25,2026,8,False,0
2,6,10,22,5,402,3,False,26,2026,8,True,1
1,1,6,8,9,35,3,False,27,2026,8,True,1
0,2,7,7,2,458,2,False,28,2026,8,True,1
2,6,4,25,2,865,2,False,29,2026,8,False,1
2,2,1,30,9,888,6,False,30,2026,8,True,1
2,10,8,34,3,587,2,True,31,2026,8,False,1
2,5,10,44,8,636,4,True,1,2026,9,False,2
0,5,4,48,9,151,2,True,2,2026,9,False,2
2,6,3,41,8,579,4,False,3,2026,9,True,1
2,6,7,11,4,267,3,True,4,2026,9,False,1
1,6,2,15,1,292,0,False,5,2026,9,True,0
1,2,8,35,4,642,4,False,6,2026,9,True,2
2,10,6,23,9,951,2,True,7,2026,9,False,1
2,3,7,45,2,857,2,False,8,2026,9,True,1
2,6,5,21,3,867,3,True,9,2026,9,False,1
0,8,9,28,10,368,6,True,10,2026,9,False,2
2,1,5,13,8,503,5,False,11,2026,9,True,1
2,1,5,34,6,569,5,False,12,2026,9,True,1
2,2,3,38,8,376,0,False,13,2026,9,True,1
2,6,1,6,7,771,4,True,14,2026,9,False,0
2,9,2,44,5,337,4,True,15,2026,9,False,0
0,4,8,4,9,652,3,False,16,2026,9,False,2
1,3,1,5,4,67,4,False,17,2026,9,True,1
0,8,7,40,6,29,2,False,18,2026,9,True,1
2,10,5,6,2,252,2,True,19,2026,9,False,0
1,9,3,21,2,55,1,False,20,2026,9,True,0
1,5,7,28,2,432,5,True,21,2026,9,False,1
2,9,9,3,10,481,2,True,22,2026,9,False,1
2,2,2,23,7,23,0,False,23,2026,9,False,1
2,3,8,8,2,63,3,True,24,2026,9,False,1
1,7,9,19,2,587,3,False,25,2026,9,False,1
2,7,3,11,9,573,4,True,26,2026,9,False,1
0,6,2,10,7,274,2,True,27,2026,9,False,1
2,6,7,28,3,759,4,False,28,2026,9,True,1
1,2,5,20,3,133,4,False,29,2026,9,False,1
2,10,5,44,7,768,0,False,30,2026,9,True,1
1,6,10,28,5,416,1,False,1,2026,10,False,1
2,4,5,29,10,193,4,False,2,2026,10,True,1
0,3,4,8,6,274,1,False,3,2026,10,True,1
2,2,5,19,8,485,3,False,4,2026,10,False,1
2,1,4,48,9,948,2,True,5,2026,10,False,2
2,5,6,21,1,296,3,False,6,2026,10,True,1
2,2,4,18,3,483,0,True,7,2026,10,False,1
2,2,2,9,7,866,0,False,8,2026,10,False,1
2,7,9,4,6,521,4,False,9,2026,10,False,1
1,8,2,41,7,460,1,True,10,2026,10,False,1
2,10,9,25,8,88,2,False,11,2026,10,True,1
2,8,10,34,6,528,1,False,12,2026,10,False,1
2,4,6,9,3,345,5,True,13,2026,10,False,1
2,1,9,9,2,761,1,False,14,2026,10,True,1
0,7,9,18,7,86,3,False,15,2026,10,False,1
2,1,3,11,1,323,2,True,16,2026,10,False,0
0,4,1,13,3,991,3,False,17,2026,10,True,1
2,8,1,38,4,503,1,True,18,2026,10,False,0
2,2,3,9,1,948,5,False,19,2026,10,False,1
1,6,5,16,5,567,1,False,20,2026,10,False,1
2,6,3,4,10,436,3,False,21,2026,10,False,1
2,9,9,34,3,178,4,False,22,2026,10,True,1
2,5,9,7,2,168,4,False,23,2026,10,False,1
1,10,3,15,3,46,1,False,24,2026,10,False,0
2,4,3,38,8,603,4,True,25,2026,10,False,1
2,5,5,11,6,267,1,False,26,2026,10,False,0
2,10,2,32,7,120,2,True,27,2026,10,False,0
2,5,6,27,6,721,3,False,28,2026,10,True,1
0,8,7,30,6,115,5,True,29,2026,10,False,1
2,10,9,17,3,403,3,True,30,2026,10,False,0
2,8,6,36,8,301,5,True,31,2026,10,False,1
1,2,3,19,7,341,1,False,1,2026,11,True,1
2,7,5,7,7,415,2,True,2,2026,11,False,0
2,8,4,43,6,297,2,False,3,2026,11,True,1
2,6,5,45,5,548,4,True,4,2026,11,False,1
2,5,8,21,10,282,1,True,5,2026,11,False,1
2,9,8,28,8,638,2,False,6,2026,11,True,1
2,3,6,3,5,599,1,False,7,2026,11,True,1
2,10,1,14,9,659,2,True,8,2026,11,False,0
2,4,8,2,9,312,4,False,9,2026,11,True,1
2,9,8,29,1,313,1,False,10,2026,11,False,0
2,6,2,18,6,627,8,False,11,2026,11,True,1
2,8,4,37,7,414,6,True,12,2026,11,False,1
0,7,2,45,3,532,4,True,13,2026,11,False,1
2,2,4,45,7,940,4,False,14,2026,11,False,2
1,3,10,24,7,829,2,True,15,2026,11,False,2
2,1,7,46,2,199,3,False,16,2026,11,False,1
1,9,9,12,7,939,5,False,17,2026,11,True,1
0,7,8,45,1,712,3,False,18,2026,11,False,2
2,1,9,32,5,254,3,False,19,2026,11,True,1
2,3,8,18,9,971,1,False,20,2026,11,False,1
2,4,2,13,7,850,3,True,21,2026,11,False,1
2,4,7,4,7,356,3,False,22,2026,11,True,1
2,5,2,23,2,27,3,True,23,2026,11,False,0
1,3,2,10,8,462,3,False,24,2026,11,True,1
2,3,4,5,3,960,2,False,25,2026,11,True,1
2,1,1,40,8,558,3,False,26,2026,11,False,1
2,7,5,14,3,839,3,False,27,2026,11,False,0
2,10,6,34,10,677,5,False,28,2026,11,True,1
0,1,9,28,7,110,1,True,29,2026,11,False,2
1,2,10,8,2,873,3,True,30,2026,11,False,1
2,4,8,16,4,291,5,False,1,2026,12,True,1
2,4,2,31,6,853,2,True,2,2026,12,False,1
2,5,1,7,9,24,2,True,3,2026,12,False,0
1,2,2,3,5,613,2,True,4,2026,12,False,1
2,4,7,29,9,918,3,True,5,2026,12,False,1
2,1,4,36,5,238,1,True,6,2026,12,False,1
1,2,10,39,10,137,2,True,7,2026,12,False,2
2,1,5,4,8,612,1,True,8,2026,12,False,1
1,10,7,9,1,995,2,True,9,2026,12,False,1
2,10,3,17,7,601,2,False,10,2026,12,False,0
0,4,10,20,4,134,2,True,11,2026,12,False,2
2,4,2,14,5,282,3,True,12,2026,12,False,0
2,7,7,46,6,325,2,False,13,2026,12,True,1
2,10,5,29,5,673,1,True,14,2026,12,False,0
1,9,1,13,1,441,4,False,15,2026,12,False,0
2,9,1,36,9,226,3,False,16,2026,12,True,0
2,5,9,45,2,642,3,True,17,2026,12,False,1
2,10,5,17,9,322,1,True,18,2026,12,False,0
2,1,1,47,10,131,7,False,19,2026,12,False,1
2,1,7,43,2,436,5,False,20,2026,12,False,1
1,6,9,4,9,574,1,False,21,2026,12,True,1
2,2,1,20,6,878,5,False,22,2026,12,True,1
2,8,10,11,9,304,3,True,23,2026,12,False,1
2,9,4,42,6,659,7,False,24,2026,12,False,1
2,4,3,22,6,204,2,True,25,2026,12,False,1
2,5,5,45,2,760,2,False,26,2026,12,False,1
2,8,7,8,8,920,2,False,27,2026,12,True,1
2,3,8,28,3,240,3,False,28,2026,12,True,1
2,5,2,45,7,883,3,False,29,2026,12,True,1
0,3,7,41,5,463,2,True,30,2026,12,False,2
2,10,1,30,3,136,2,True,31,2026,12,False,0
2,3,7,33,1,89,1,True,1,2027,1,False,1
1,3,8,33,8,917,4,True,2,2027,1,False,2
1,7,2,47,3,89,8,False,3,2027,1,True,1
2,7,9,36,2,641,5,True,4,2027,1,False,1
2,7,1,27,1,446,3,True,5,2027,1,False,0
1,10,6,20,4,663,4,False,6,2027,1,False,1
2,8,1,33,8,587,3,False,7,2027,1,False,1
2,5,3,25,3,462,3,False,8,2027,1,False,1
2,5,6,44,1,620,5,False,9,2027,1,False,1
2,4,3,43,4,156,4,True,10,2027,1,False,1
2,7,8,19,9,523,3,True,11,2027,1,False,1
1,10,5,47,1,150,1,False,12,2027,1,True,1
2,4,2,21,2,237,3,False,13,2027,1,True,0
2,2,4,42,9,707,6,True,14,2027,1,False,2
2,4,9,33,2,190,2,False,15,2027,1,False,1
2,8,4,3,3,494,1,True,16,2027,1,False,0
1,9,10,14,7,631,3,True,17,2027,1,False,1
2,3,10,15,3,148,4,False,18,2027,1,True,1
0,7,8,33,9,76,2,False,19,2027,1,True,2
2,9,5,42,6,200,1,False,20,2027,1,True,1
2,4,10,22,3,265,3,True,21,2027,1,False,1
1,10,1,1,9,163,2,False,22,2027,1,False,0
2,3,7,31,1,70,7,True,23,2027,1,False,1
2,5,3,47,10,387,3,True,24,2027,1,False,1
1,1,10,35,3,478,3,False,25,2027,1,False,2
2,3,8,20,1,237,6,False,26,2027,1,False,1
1,8,3,32,2,635,5,False,27,2027,1,False,1
0,8,1,12,8,914,5,False,28,2027,1,False,1
2,4,5,16,7,586,5,False,29,2027,1,True,1
2,2,2,8,2,276,7,False,30,2027,1,True,1
2,8,4,14,2,877,1,True,31,2027,1,False,0
2,8,1,18,9,175,4,True,1,2027,2,False,0
1,10,9,30,6,584,0,True,2,2027,2,False,1
1,4,6,33,5,461,4,True,3,2027,2,False,1
2,3,8,34,10,860,6,False,4,2027,2,True,2
2,2,4,44,6,975,2,False,5,2027,2,True,1
2,9,9,34,9,718,2,True,6,2027,2,False,1
2,1,2,7,7,895,3,True,7,2027,2,False,1
1,7,9,6,10,681,2,False,8,2027,2,True,1
2,5,5,6,10,795,7,True,9,2027,2,False,1
1,8,6,22,9,781,2,False,10,2027,2,False,1
2,4,3,8,4,964,4,False,11,2027,2,True,1
1,7,4,37,2,829,3,False,12,2027,2,True,1
2,5,6,15,8,942,2,False,13,2027,2,True,1
2,5,7,26,4,954,3,False,14,2027,2,False,1
2,9,1,39,9,742,2,True,15,2027,2,False,1
1,9,7,3,4,44,1,False,16,2027,2,True,0
2,9,1,10,8,825,3,False,17,2027,2,True,0
2,6,5,3,9,872,3,True,18,2027,2,False,1
2,6,6,30,9,683,0,False,19,2027,2,False,1
2,5,2,46,10,555,2,False,20,2027,2,True,1
2,9,10,22,4,783,3,False,21,2027,2,True,1
0,10,9,3,1,79,1,False,22,2027,2,False,1
2,8,10,1,3,486,2,False,23,2027,2,False,0
2,7,6,33,9,453,5,False,24,2027,2,True,1
2,7,7,19,4,898,4,False,25,2027,2,False,1
2,6,10,36,5,85,2,False,26,2027,2,True,1
2,5,8,34,7,929,3,False,27,2027,2,True,1
2,4,10,31,5,584,2,False,28,2027,2,True,1
2,3,1,43,4,947,2,False,1,2027,3,True,1
2,3,8,24,2,125,6,True,2,2027,3,False,1
1,6,4,12,2,115,2,False,3,2027,3,False,0
2,4,10,13,4,707,3,False,4,2027,3,False,1
0,6,8,16,10,570,2,True,5,2027,3,False,2
2,3,6,16,10,187,3,False,6,2027,3,False,1
2,4,9,20,9,61,4,True,7,2027,3,False,1
2,9,4,41,8,898,1,True,8,2027,3,False,1
2,5,2,48,3,123,2,False,9,2027,3,True,1
0,7,2,27,9,864,6,True,10,2027,3,False,2
1,10,5,39,5,223,1,False,11,2027,3,False,1
2,2,10,13,3,539,1,False,12,2027,3,False,1
2,5,9,4,5,994,3,False,13,2027,3,True,1
2,9,3,32,10,301,3,True,14,2027,3,False,1
2,3,8,45,4,927,1,True,15,2027,3,False,1
2,9,4,40,8,62,2,False,16,2027,3,True,1
0,6,6,34,5,966,2,False,17,2027,3,False,2
0,4,10,39,10,129,3,False,18,2027,3,True,2
0,7,6,43,8,229,4,True,19,2027,3,False,2
1,8,3,17,9,768,2,False,20,2027,3,True,1
2,6,5,24,4,887,4,False,21,2027,3,True,1
2,5,3,29,7,850,4,False,22,2027,3,True,1
2,6,1,46,2,68,4,True,23,2027,3,False,0
2,5,7,28,6,134,5,False,24,2027,3,True,1
2,8,4,45,8,174,4,False,25,2027,3,True,1
1,1,7,47,7,668,5,False,26,2027,3,False,2
1,7,3,22,7,522,2,True,27,2027,3,False,1
0,10,5,28,8,698,2,False,28,2027,3,True,1
1,10,5,25,7,852,5,False,29,2027,3,False,1
0,2,2,41,5,730,1,True,30,2027,3,False,2
2,9,10,3,7,90,1,False,31,2027,3,False,0
1,1,2,13,10,538,1,False,1,2027,4,True,1
2,10,4,31,3,731,3,True,2,2027,4,False,0
2,6,4,13,5,355,2,True,3,2027,4,False,0
0,9,4,41,7,86,6,False,4,2027,4,True,1
1,1,6,18,9,512,1,True,5,2027,4,False,2
2,4,2,37,2,669,1,False,6,2027,4,True,1
2,4,6,43,4,773,2,True,7,2027,4,False,1
2,9,7,34,7,986,3,False,8,2027,4,True,1
2,5,10,17,1,232,3,True,9,2027,4,False,1
0,5,3,21,2,200,3,False,10,2027,4,False,1
2,6,8,36,9,785,0,False,11,2027,4,False,1
2,1,2,40,10,632,3,False,12,2027,4,False,1
2,1,8,19,7,882,3,False,13,2027,4,True,1
2,9,5,12,10,618,1,True,14,2027,4,False,0
2,3,2,28,7,716,1,False,15,2027,4,True,1
0,4,7,11,6,622,2,True,16,2027,4,False,2
2,1,2,48,3,267,4,True,17,2027,4,False,1
2,9,6,37,10,233,4,True,18,2027,4,False,1
2,8,10,28,3,378,5,False,19,2027,4,True,1
2,2,3,35,2,268,4,False,20,2027,4,True,1
1,8,9,44,6,657,3,False,21,2027,4,True,1
2,7,3,15,4,942,0,True,22,2027,4,False,0
1,6,3,16,5,969,3,True,23,2027,4,False,1
2,1,5,45,3,900,4,False,24,2027,4,False,1
2,7,7,7,6,535,3,True,25,2027,4,False,1
2,10,8,47,3,107,3,False,26,2027,4,True,1
2,7,7,3,8,682,1,True,27,2027,4,False,1
1,9,9,31,9,195,3,False,28,2027,4,True,1
2,1,5,12,4,742,0,False,29,2027,4,True,1
2,2,10,8,9,445,4,True,30,2027,4,False,1
2,9,3,25,7,790,0,True,1,2027,5,False,0
2,9,6,44,3,622,4,False,2,2027,5,True,1
0,6,5,35,7,790,4,False,3,2027,5,True,2
2,6,4,12,1,943,2,True,4,2027,5,False,0
2,4,2,21,3,722,3,False,5,2027,5,False,1
0,4,7,26,6,100,3,True,6,2027,5,False,2
2,5,5,2,4,946,8,True,7,2027,5,False,1
2,3,4,14,7,157,5,False,8,2027,5,False,1
2,1,8,46,3,452,3,True,9,2027,5,False,1
1,1,9,4,1,489,2,False,10,2027,5,True,1
1,7,9,17,9,369,3,True,11,2027,5,False,1
2,1,3,47,6,145,3,True,12,2027,5,False,1
2,1,3,48,8,900,1,False,13,2027,5,False,2
0,3,5,5,3,936,4,True,14,2027,5,False,1
2,10,5,24,8,887,8,False,15,2027,5,False,1
2,4,10,7,2,328,1,True,16,2027,5,False,1
2,4,2,23,4,874,5,True,17,2027,5,False,1
1,2,1,47,3,249,5,True,18,2027,5,False,1
2,1,8,17,10,479,4,False,19,2027,5,True,1
2,3,3,12,1,364,10,True,20,2027,5,False,1
2,4,1,11,7,329,5,False,21,2027,5,False,1
2,3,1,11,10,972,3,False,22,2027,5,True,1
1,8,2,34,2,39,3,False,23,2027,5,False,0
2,10,6,47,4,900,2,True,24,2027,5,False,1
2,1,6,37,9,580,4,False,25,2027,5,False,2
2,2,3,29,6,666,2,False,26,2027,5,True,1
2,7,4,48,8,560,2,False,27,2027,5,True,1
1,4,2,36,2,579,2,False,28,2027,5,False,1
2,8,2,27,7,496,3,False,29,2027,5,True,0
1,3,7,42,6,288,5,False,30,2027,5,True,2
2,6,1,22,9,22,5,True,31,2027,5,False,0
2,9,7,2,7,789,4,True,1,2027,6,False,0
2,1,1,47,1,35,6,False,2,2027,6,False,1
2,1,6,36,8,625,4,False,3,2027,6,True,2
2,8,3,48,10,377,1,False,4,2027,6,True,1
1,3,8,30,3,665,6,False,5,2027,6,True,2
2,5,6,7,2,832,3,True,6,2027,6,False,1
2,1,2,12,3,858,1,True,7,2027,6,False,1
1,5,8,3,6,152,3,False,8,2027,6,True,1
1,6,5,17,3,331,2,True,9,2027,6,False,1
2,8,8,41,10,986,2,True,10,2027,6,False,1
2,3,8,32,5,501,4,False,11,2027,6,True,1
2,3,6,8,6,914,3,True,12,2027,6,False,1
1,10,2,23,8,563,2,False,13,2027,6,True,1
1,9,8,38,7,324,2,True,14,2027,6,False,1
1,4,6,30,8,288,2,False,15,2027,6,True,1
1,4,6,15,3,433,1,True,16,2027,6,False,1
2,7,8,10,4,44,3,False,17,2027,6,True,0
1,2,1,38,6,1000,3,True,18,2027,6,False,1
2,8,2,15,7,335,2,True,19,2027,6,False,0
2,6,9,30,9,590,0,True,20,2027,6,False,1
2,3,8,46,1,744,2,False,21,2027,6,True,1
0,9,7,26,8,687,3,False,22,2027,6,True,1
1,5,7,45,8,845,4,True,23,2027,6,False,2
2,8,5,14,6,295,4,False,24,2027,6,True,0
1,7,2,3,4,949,1,False,25,2027,6,False,0
1,8,6,36,3,408,1,False,26,2027,6,True,1
2,7,10,26,3,741,2,True,27,2027,6,False,1
2,3,3,14,6,463,8,False,28,2027,6,True,1
1,2,4,31,8,446,2,True,29,2027,6,False,1
2,7,10,14,7,76,8,True,30,2027,6,False,1
2,3,2,40,1,716,0,False,1,2027,7,False,1
1,3,2,10,6,990,4,True,2,2027,7,False,1
0,2,8,9,7,585,3,False,3,2027,7,True,2
2,4,8,46,7,740,4,False,4,2027,7,True,2
1,8,10,40,9,387,6,False,5,2027,7,True,2
2,1,6,43,10,960,5,False,6,2027,7,True,2
2,1,5,42,5,361,1,True,7,2027,7,False,1
2,5,8,18,1,824,5,True,8,2027,7,False,1
2,5,4,36,2,871,4,False,9,2027,7,True,1
1,1,4,36,4,323,4,True,10,2027,7,False,1
2,6,5,12,5,783,0,True,11,2027,7,False,1
2,1,1,40,9,393,2,True,12,2027,7,False,1
2,5,1,3,1,969,5,True,13,2027,7,False,0
0,9,2,18,3,835,6,True,14,2027,7,False,1
2,5,8,7,5,131,1,True,15,2027,7,False,1
2,6,7,31,3,897,6,False,16,2027,7,True,1
2,8,10,1,4,25,3,False,17,2027,7,True,0
1,1,9,31,3,949,2,False,18,2027,7,False,2
2,2,5,13,4,722,6,True,19,2027,7,False,1
2,9,2,29,1,865,1,True,20,2027,7,False,0
2,3,7,3,8,963,4,True,21,2027,7,False,1
1,6,8,29,4,298,2,False,22,2027,7,True,1
2,5,7,35,7,401,5,False,23,2027,7,True,1
2,2,7,15,2,871,1,True,24,2027,7,False,1
2,7,5,21,2,32,1,False,25,2027,7,False,0
2,4,2,19,6,322,3,True,26,2027,7,False,1
1,1,6,28,2,575,1,False,27,2027,7,True,1
2,4,4,4,6,636,4,False,28,2027,7,True,1
0,6,10,45,2,179,3,False,29,2027,7,False,2
0,7,2,13,4,173,2,False,30,2027,7,True,1
2,7,9,15,7,773,2,False,31,2027,7,False,1
1,7,7,48,8,200,5,True,1,2027,8,False,2
1,3,6,39,3,545,3,False,2,2027,8,False,1
1,6,5,32,9,199,4,True,3,2027,8,False,1
2,8,3,3,2,396,2,False,4,2027,8,False,0
2,4,10,30,8,823,6,False,5,2027,8,True,2
2,8,10,20,8,795,2,False,6,2027,8,False,1
1,2,4,2,4,187,2,False,7,2027,8,True,1
2,10,3,25,1,233,2,False,8,2027,8,True,0
2,9,8,11,1,169,4,False,9,2027,8,True,0
2,9,3,1,2,35,2,False,10,2027,8,True,0
2,8,7,48,9,110,2,True,11,2027,8,False,1
2,10,7,48,2,139,2,True,12,2027,8,False,1
2,10,7,10,2,975,5,True,13,2027,8,False,0
2,1,7,17,6,272,6,True,14,2027,8,False,1
0,2,2,30,7,79,3,False,15,2027,8,False,2
2,6,10,35,7,285,3,True,16,2027,8,False,1
1,10,3,19,9,428,0,False,17,2027,8,False,1
2,5,10,46,6,50,1,True,18,2027,8,False,1
2,9,9,34,8,40,1,True,19,2027,8,False,1
1,5,3,32,6,750,4,False,20,2027,8,True,1
1,2,2,12,2,612,4,False,21,2027,8,True,1
2,10,9,43,1,308,2,False,22,2027,8,True,1
0,4,10,17,5,562,4,False,23,2027,8,True,2
0,9,9,6,9,517,6,False,24,2027,8,True,1
0,1,4,13,8,765,4,True,25,2027,8,False,2
2,1,9,39,4,493,2,False,26,2027,8,False,1
2,7,3,22,5,424,1,False,27,2027,8,False,0
2,3,7,11,5,567,3,False,28,2027,8,True,1
2,10,7,7,6,980,2,True,29,2027,8,False,0
2,2,8,45,3,151,6,False,30,2027,8,True,1
1,9,10,45,5,343,0,True,31,2027,8,False,1
2,3,4,21,2,877,0,True,1,2027,9,False,1
2,2,3,1,10,151,2,True,2,2027,9,False,1
2,8,3,30,1,540,4,False,3,2027,9,True,0
1,10,5,19,1,49,5,False,4,2027,9,False,0
2,6,1,47,10,646,2,False,5,2027,9,True,1
1,6,10,46,7,320,6,False,6,2027,9,True,2
2,10,3,29,2,23,1,True,7,2027,9,False,0
1,7,6,35,4,344,4,True,8,2027,9,False,1
0,7,3,20,5,528,12,True,9,2027,9,False,1
2,6,5,36,7,256,3,False,10,2027,9,False,1
0,4,9,39,2,554,3,True,11,2027,9,False,2
2,9,2,1,6,35,5,False,12,2027,9,False,0
2,6,2,23,1,553,5,False,13,2027,9,True,0
2,4,6,31,7,603,2,True,14,2027,9,False,1
2,3,6,35,9,835,4,False,15,2027,9,True,1
1,4,8,47,5,465,3,False,16,2027,9,True,2
2,3,2,45,5,522,2,False,17,2027,9,False,1
2,2,9,22,4,975,3,False,18,2027,9,False,1
2,5,2,46,3,249,4,True,19,2027,9,False,1
2,2,1,7,9,126,4,True,20,2027,9,False,1
2,6,10,33,5,739,1,False,21,2027,9,True,1
1,3,2,45,8,408,6,False,22,2027,9,False,2
2,6,7,36,9,739,2,True,23,2027,9,False,1
2,10,8,44,5,282,2,False,24,2027,9,True,1
2,9,5,7,10,582,3,False,25,2027,9,True,0
2,1,6,27,9,84,2,False,26,2027,9,True,1
2,6,1,2,2,284,4,True,27,2027,9,False,0
1,9,6,17,9,357,3,False,28,2027,9,True,1
2,4,8,1,4,320,3,False,29,2027,9,False,1
2,2,3,46,6,397,4,True,30,2027,9,False,1
2,4,1,30,6,194,1,True,1,2027,10,False,1
2,1,4,22,6,982,3,False,2,2027,10,False,1
1,3,1,28,2,171,0,True,3,2027,10,False,1
2,10,8,33,7,495,1,False,4,2027,10,False,1
2,9,5,26,6,285,1,False,5,2027,10,True,0
1,10,1,35,1,348,3,True,6,2027,10,False,0
2,5,8,11,2,992,2,False,7,2027,10,False,1
2,6,9,7,7,835,4,True,8,2027,10,False,1
2,3,10,28,1,182,5,False,9,2027,10,True,1
2,5,2,25,1,457,3,True,10,2027,10,False,0
1,8,9,41,1,362,3,False,11,2027,10,True,1
2,6,8,31,8,386,4,True,12,2027,10,False,1
1,4,7,3,4,484,6,True,13,2027,10,False,1
2,2,3,33,4,769,3,False,14,2027,10,False,1
1,9,2,34,2,218,3,True,15,2027,10,False,0
2,1,7,21,1,519,2,False,16,2027,10,True,1
2,1,5,37,10,35,3,True,17,2027,10,False,1
2,4,6,19,9,840,1,False,18,2027,10,True,1
2,7,4,37,7,315,4,True,19,2027,10,False,1
2,1,2,21,4,887,3,False,20,2027,10,False,1
1,9,9,14,6,530,1,False,21,2027,10,True,1
0,4,3,10,2,807,1,True,22,2027,10,False,1
2,3,7,7,7,258,1,True,23,2027,10,False,1
2,1,8,29,2,600,0,True,24,2027,10,False,1
1,10,2,40,10,320,2,False,25,2027,10,True,1
2,4,6,8,8,25,3,True,26,2027,10,False,1
0,9,8,39,8,239,2,False,27,2027,10,False,2
2,10,7,13,1,785,3,True,28,2027,10,False,0
2,6,3,46,8,472,3,True,29,2027,10,False,1
2,6,1,19,2,452,6,False,30,2027,10,True,0
2,1,6,11,6,826,2,False,31,2027,10,True,1
2,10,8,2,1,889,3,True,1,2027,11,False,0
0,2,6,6,5,405,4,True,2,2027,11,False,2
0,6,5,29,7,638,2,True,3,2027,11,False,2
2,2,8,41,10,314,4,False,4,2027,11,True,2
2,3,2,5,1,137,8,False,5,2027,11,True,0
2,4,1,41,2,424,1,False,6,2027,11,True,1
1,5,1,30,7,699,3,False,7,2027,11,False,1
2,9,4,39,6,782,3,False,8,2027,11,False,1
2,4,6,36,3,613,1,False,9,2027,11,True,1
2,9,9,27,10,585,1,False,10,2027,11,False,1
2,10,1,18,2,771,2,True,11,2027,11,False,0
0,3,1,36,10,897,6,True,12,2027,11,False,2
2,8,5,16,4,31,2,True,13,2027,11,False,0
2,1,10,5,3,228,3,True,14,2027,11,False,1
2,9,5,9,7,184,4,False,15,2027,11,True,0
2,9,5,34,8,897,3,False,16,2027,11,False,1
2,10,10,34,2,313,2,True,17,2027,11,False,1
2,2,6,36,10,930,4,True,18,2027,11,False,2
2,4,8,31,7,538,3,False,19,2027,11,True,1
2,8,3,20,8,97,4,False,20,2027,11,False,0
2,7,9,17,6,453,6,True,21,2027,11,False,1
2,1,1,20,6,596,4,False,22,2027,11,True,1
1,5,4,28,10,633,5,True,23,2027,11,False,1
2,7,9,21,1,982,3,True,24,2027,11,False,1
2,4,8,19,4,888,5,False,25,2027,11,False,1
2,1,10,3,1,831,3,False,26,2027,11,False,1
2,9,9,30,4,818,2,True,27,2027,11,False,1
2,5,1,5,2,702,3,False,28,2027,11,False,0
0,2,9,42,5,96,3,False,29,2027,11,True,2
2,8,3,6,10,67,4,False,30,2027,11,False,0
2,2,10,3,9,786,1,False,1,2027,12,True,1
1,3,9,42,10,101,3,False,2,2027,12,True,2
2,10,1,24,3,914,5,False,3,2027,12,True,0
0,1,1,44,8,740,0,False,4,2027,12,True,2
2,2,9,1,3,228,1,True,5,2027,12,False,1
1,7,6,36,6,464,1,True,6,2027,12,False,1
1,10,4,15,4,990,2,True,7,2027,12,False,1
0,2,7,41,8,615,4,False,8,2027,12,True,2
0,6,5,38,6,541,1,True,9,2027,12,False,2
1,3,10,44,8,48,0,False,10,2027,12,True,2
1,4,7,18,1,323,2,False,11,2027,12,False,1
2,8,8,23,6,484,8,True,12,2027,12,False,1
2,3,8,47,1,521,3,False,13,2027,12,True,1
2,10,1,29,1,465,4,True,14,2027,12,False,0
0,6,8,41,8,647,4,False,15,2027,12,False,2
1,1,6,22,7,509,2,True,16,2027,12,False,2
0,7,4,24,3,800,2,False,17,2027,12,True,1
1,8,8,45,6,447,2,False,18,2027,12,False,1
2,8,3,48,9,578,3,False,19,2027,12,False,1
2,3,4,13,7,378,5,False,20,2027,12,True,1
2,10,6,33,3,979,1,False,21,2027,12,True,1
2,1,7,22,6,110,3,False,22,2027,12,True,1
2,9,4,35,4,72,0,False,23,2027,12,False,0
0,6,4,17,3,749,4,False,24,2027,12,True,1
1,9,7,22,9,879,5,True,25,2027,12,False,1
2,7,6,5,10,608,4,False,26,2027,12,False,1
2,1,8,25,2,223,4,False,27,2027,12,True,1
2,1,1,6,1,575,2,False,28,2027,12,True,0
2,6,10,17,2,175,2,True,29,2027,12,False,1
2,5,7,31,7,21,3,False,30,2027,12,True,1
2,9,7,17,10,376,4,True,31,2027,12,False,1
2,2,7,33,1,844,4,False,1,2028,1,True,1
2,8,7,39,6,588,1,True,2,2028,1,False,1
0,5,10,48,7,821,2,False,3,2028,1,True,2
2,2,10,37,9,77,3,False,4,2028,1,False,2
2,10,8,48,8,273,2,True,5,2028,1,False,1
2,6,9,4,6,199,2,False,6,2028,1,False,1
2,10,9,43,3,512,3,True,7,2028,1,False,1
2,8,2,14,8,688,5,False,8,2028,1,False,0
1,4,7,13,7,54,5,False,9,2028,1,True,1
2,2,7,27,3,94,0,False,10,2028,1,True,1
2,5,4,24,9,963,2,False,11,2028,1,True,1
2,2,9,27,2,308,4,False,12,2028,1,False,1
2,2,8,8,3,390,3,True,13,2028,1,False,1
2,6,1,47,2,606,4,True,14,2028,1,False,1
2,10,2,39,1,348,3,False,15,2028,1,True,0
1,9,2,21,4,609,4,False,16,2028,1,False,1
1,4,8,41,5,786,7,False,17,2028,1,True,2
1,6,1,11,6,796,6,False,18,2028,1,True,1
2,7,4,31,5,323,1,True,19,2028,1,False,1
2,6,10,27,1,598,3,False,20,2028,1,False,1
0,8,5,42,3,240,4,True,21,2028,1,False,1
2,4,9,46,1,998,4,False,22,2028,1,True,1
2,1,7,48,5,183,4,True,23,2028,1,False,1
2,7,8,27,5,499,3,True,24,2028,1,False,1
2,3,9,8,6,474,5,True,25,2028,1,False,1
2,6,7,33,8,394,3,True,26,2028,1,False,1
2,2,5,12,10,239,3,False,27,2028,1,True,1
2,9,5,35,1,703,6,True,28,2028,1,False,1
0,1,10,34,4,273,3,True,29,2028,1,False,2
2,6,6,16,10,741,3,True,30,2028,1,False,1
2,6,5,36,1,207,5,True,31,2028,1,False,1
2,5,9,2,9,210,5,True,1,2028,2,False,1
2,5,3,12,7,408,3,True,2,2028,2,False,1
2,1,3,27,7,234,3,False,3,2028,2,True,1
1,10,7,17,5,394,1,False,4,2028,2,True,1
2,5,7,20,7,105,0,False,5,2028,2,True,1
1,2,6,21,2,493,3,False,6,2028,2,True,1
2,7,3,30,4,637,2,True,7,2028,2,False,1
2,3,7,42,7,863,1,False,8,2028,2,False,1
1,4,5,20,3,827,4,False,9,2028,2,True,1
2,3,7,8,2,550,2,False,10,2028,2,True,1
2,3,2,18,10,66,3,True,11,2028,2,False,1
2,4,6,18,2,84,0,True,12,2028,2,False,0
2,5,8,18,1,982,4,True,13,2028,2,False,1
2,1,1,2,5,494,3,True,14,2028,2,False,1
2,4,4,12,6,165,4,False,15,2028,2,True,1
2,8,1,32,6,965,2,False,16,2028,2,True,1
2,10,1,42,9,817,2,False,17,2028,2,True,1
1,7,10,8,4,401,4,False,18,2028,2,True,1
1,9,8,10,1,85,2,False,19,2028,2,False,0
1,5,7,11,6,536,2,False,20,2028,2,True,1
2,10,10,14,5,112,4,False,21,2028,2,False,0
0,4,1,26,10,884,1,True,22,2028,2,False,2
2,8,2,47,6,445,3,True,23,2028,2,False,1
1,9,4,30,3,487,0,True,24,2028,2,False,1
2,7,1,42,2,113,3,False,25,2028,2,True,0
2,7,3,4,6,637,1,False,26,2028,2,False,0
1,5,8,39,1,152,2,True,27,2028,2,False,1
2,4,8,11,7,453,3,False,28,2028,2,False,1
2,10,8,24,7,360,2,True,29,2028,2,False,1
1,1,6,22,10,333,1,False,1,2028,3,False,2
1,10,6,3,7,610,2,True,2,2028,3,False,1
0,10,5,37,10,231,1,True,3,2028,3,False,1
2,7,9,2,1,539,6,False,4,2028,3,True,0
2,1,4,12,4,178,1,True,5,2028,3,False,1
2,1,10,21,7,287,1,True,6,2028,3,False,1
2,5,7,5,9,680,0,True,7,2028,3,False,1
2,9,1,7,5,881,2,False,8,2028,3,False,0
2,6,9,4,2,977,1,False,9,2028,3,True,1
2,3,7,43,7,622,3,True,10,2028,3,False,1
2,3,10,41,10,767,1,False,11,2028,3,True,2
1,7,9,36,1,493,5,False,12,2028,3,True,1
0,6,7,22,7,820,3,True,13,2028,3,False,2
1,9,2,29,6,429,3,True,14,2028,3,False,1
1,6,6,9,7,493,0,True,15,2028,3,False,1
2,5,10,26,10,375,3,True,16,2028,3,False,1
0,10,4,12,3,699,1,False,17,2028,3,True,1
2,7,3,48,3,212,5,True,18,2028,3,False,1
1,1,2,1,7,718,2,False,19,2028,3,True,1
0,7,6,8,2,290,2,False,20,2028,3,True,1
0,3,8,33,1,133,3,True,21,2028,3,False,2
2,9,6,4,9,916,7,False,22,2028,3,True,1
2,6,9,14,9,542,2,True,23,2028,3,False,1
2,9,5,29,7,74,2,False,24,2028,3,False,0
2,5,2,14,7,789,4,False,25,2028,3,True,1
2,7,8,9,3,84,4,False,26,2028,3,False,0
2,4,9,9,10,703,2,False,27,2028,3,True,1
2,7,10,26,2,291,1,True,28,2028,3,False,1
2,1,4,47,7,521,3,False,29,2028,3,True,1
1,7,6,42,9,681,3,False,30,2028,3,False,2
2,8,10,17,1,381,6,False,31,2028,3,True,1
2,5,8,41,4,165,0,False,1,2028,4,False,1
1,2,9,4,6,962,2,False,2,2028,4,False,2
2,5,5,46,7,228,1,True,3,2028,4,False,1
0,6,6,3,10,305,2,True,4,2028,4,False,1
2,2,4,29,7,29,5,False,5,2028,4,True,1
2,6,5,25,10,758,1,True,6,2028,4,False,1
2,6,7,21,2,205,4,False,7,2028,4,False,1
2,1,9,12,4,593,6,False,8,2028,4,False,1
2,1,10,1,5,616,2,True,9,2028,4,False,1
2,10,6,1,1,483,2,True,10,2028,4,False,0
2,3,6,45,1,153,4,False,11,2028,4,True,1
2,10,8,46,10,854,1,True,12,2028,4,False,1
2,10,4,48,3,828,3,False,13,2028,4,False,1
2,3,3,7,10,190,2,True,14,2028,4,False,1
2,4,7,10,3,232,7,False,15,2028,4,True,1
2,2,5,15,8,992,1,True,16,2028,4,False,1
2,9,2,40,9,549,3,False,17,2028,4,True,1
2,10,2,11,1,845,3,False,18,2028,4,True,0
2,7,6,46,2,521,5,False,19,2028,4,True,1
1,7,8,45,10,591,5,True,20,2028,4,False,2
2,6,1,23,2,619,3,False,21,2028,4,True,0
1,3,6,13,4,46,4,False,22,2028,4,False,1
1,6,2,27,2,87,2,True,23,2028,4,False,1
2,8,2,41,7,809,4,True,24,2028,4,False,1
2,8,7,17,9,427,2,True,25,2028,4,False,1
0,9,10,13,7,571,4,False,26,2028,4,True,1
1,1,1,12,6,128,0,False,27,2028,4,True,1
2,1,6,29,10,93,3,False,28,2028,4,True,1
1,3,7,21,1,597,3,True,29,2028,4,False,1
1,3,8,20,10,699,3,True,30,2028,4,False,2
2,10,7,20,9,281,1,False,1,2028,5,True,0
1,8,6,31,5,387,4,False,2,2028,5,True,1
2,10,9,8,5,805,0,False,3,2028,5,False,0
2,1,3,24,6,868,4,True,4,2028,5,False,1
0,2,6,11,9,889,2,False,5,2028,5,True,2
1,2,4,39,8,256,6,True,6,2028,5,False,2
2,3,2,33,8,746,2,True,7,2028,5,False,1
2,6,1,42,8,385,4,False,8,2028,5,True,1
2,1,1,15,1,305,3,False,9,2028,5,True,0
1,2,10,4,1,397,6,False,10,2028,5,False,1
2,1,3,1,8,680,3,True,11,2028,5,False,1
0,5,4,32,5,849,2,True,12,2028,5,False,2
1,7,2,11,9,925,2,False,13,2028,5,True,1
2,8,1,30,2,395,3,False,14,2028,5,True,0
2,10,4,37,9,638,2,True,15,2028,5,False,1
2,1,7,19,8,672,2,True,16,2028,5,False,1
2,7,10,36,9,95,4,True,17,2028,5,False,1
2,5,6,34,4,28,3,False,18,2028,5,False,1
2,10,6,7,1,215,7,True,19,2028,5,False,0
2,1,9,45,1,826,6,True,20,2028,5,False,2
2,3,2,20,5,811,4,True,21,2028,5,False,1
2,7,4,12,2,912,4,True,22,2028,5,False,0
2,10,5,32,8,649,3,True,23,2028,5,False,1
2,1,1,2,10,309,3,False,24,2028,5,True,1
2,7,8,22,5,80,5,True,25,2028,5,False,1
2,5,8,41,5,956,1,False,26,2028,5,False,1
2,1,6,48,2,408,5,True,27,2028,5,False,1
2,1,5,40,7,866,2,False,28,2028,5,True,2
1,1,8,24,8,837,8,False,29,2028,5,False,2
2,9,3,31,10,919,5,False,30,2028,5,True,1
2,3,3,4,1,582,3,False,31,2028,5,True,0
1,5,2,24,2,583,3,True,1,2028,6,False,1
2,10,5,43,10,653,2,True,2,2028,6,False,1
2,9,3,17,4,698,2,False,3,2028,6,True,0
0,6,3,40,5,27,2,False,4,2028,6,False,1
1,9,6,19,2,388,6,False,5,2028,6,True,1
0,8,8,40,1,64,0,False,6,2028,6,True,1
1,8,2,38,9,363,1,False,7,2028,6,True,1
2,1,4,34,1,776,3,False,8,2028,6,True,1
2,9,7,47,4,815,6,True,9,2028,6,False,1
2,6,1,33,2,394,3,False,10,2028,6,True,0
2,9,1,6,4,638,4,False,11,2028,6,False,0
2,3,10,36,8,46,1,True,12,2028,6,False,1
1,3,7,13,8,212,4,False,13,2028,6,True,1
2,6,7,47,9,949,2,True,14,2028,6,False,1
2,9,1,9,5,868,5,False,15,2028,6,True,0
1,7,1,35,7,376,3,True,16,2028,6,False,1
1,3,4,34,3,81,2,False,17,2028,6,True,1
2,3,5,16,10,81,5,False,18,2028,6,True,1
1,2,5,18,4,441,1,True,19,2028,6,False,1
1,9,4,18,10,813,3,False,20,2028,6,True,1
2,3,8,38,9,652,1,False,21,2028,6,True,2
2,5,7,43,10,811,4,False,22,2028,6,False,2
2,9,9,32,10,570,2,True,23,2028,6,False,1
2,8,7,7,1,399,3,True,24,2028,6,False,0
2,2,10,23,2,296,3,True,25,2028,6,False,1
0,3,1,23,5,625,2,False,26,2028,6,False,1
1,2,7,46,3,450,4,False,27,2028,6,False,2
1,8,1,18,2,134,1,False,28,2028,6,True,0
0,6,7,7,1,707,3,False,29,2028,6,False,1
1,6,10,42,10,140,3,False,30,2028,6,True,2
2,9,8,40,3,544,2,False,1,2028,7,True,1
2,8,9,24,1,918,5,True,2,2028,7,False,1
1,4,3,14,1,435,4,False,3,2028,7,True,1
2,4,4,5,1,182,2,True,4,2028,7,False,0
2,9,4,46,8,806,6,False,5,2028,7,False,1
2,1,9,22,3,929,5,False,6,2028,7,True,1
0,2,7,22,1,707,1,False,7,2028,7,True,2
2,2,3,10,7,356,2,True,8,2028,7,False,1
1,6,10,26,10,398,1,True,9,2028,7,False,2
2,4,5,15,3,343,2,True,10,2028,7,False,1
2,10,7,38,8,192,4,True,11,2028,7,False,1
2,3,8,41,4,806,3,True,12,2028,7,False,1
1,3,1,42,4,83,3,False,13,2028,7,False,1
2,3,2,1,5,120,6,False,14,2028,7,True,0
1,6,7,14,6,341,1,True,15,2028,7,False,1
2,8,2,36,7,994,2,True,16,2028,7,False,1
2,7,7,31,4,85,7,True,17,2028,7,False,1
2,4,9,28,8,862,0,False,18,2028,7,True,1
2,4,2,34,6,576,2,False,19,2028,7,True,1
2,10,7,35,1,618,2,False,20,2028,7,False,0
2,2,4,39,1,477,6,False,21,2028,7,True,1
1,1,2,23,9,598,2,False,22,2028,7,False,1
2,9,7,46,10,472,3,False,23,2028,7,False,1
2,2,5,44,6,278,4,True,24,2028,7,False,1
1,8,1,19,10,953,3,False,25,2028,7,False,1
2,9,5,18,8,736,3,True,26,2028,7,False,1
2,4,3,15,7,445,2,False,27,2028,7,False,1
2,8,7,1,6,998,0,True,28,2028,7,False,0
2,9,6,25,4,955,2,False,29,2028,7,False,1
2,10,8,26,7,197,6,False,30,2028,7,False,1
0,10,5,35,9,950,4,False,31,2028,7,False,2
2,5,2,15,10,299,4,False,1,2028,8,True,1
2,7,9,4,10,363,3,True,2,2028,8,False,1
2,10,8,15,7,36,4,True,3,2028,8,False,0
1,4,6,42,1,315,1,True,4,2028,8,False,1
2,1,10,38,10,221,3,True,5,2028,8,False,2
1,3,7,45,9,981,1,False,6,2028,8,True,2
0,5,9,39,4,703,3,True,7,2028,8,False,2
0,3,7,1,3,938,0,False,8,2028,8,False,1
1,7,3,22,4,793,3,False,9,2028,8,True,1
2,9,6,11,4,213,0,False,10,2028,8,False,0
1,6,7,46,10,168,4,True,11,2028,8,False,2
2,10,2,38,2,394,1,False,12,2028,8,False,0
1,1,3,37,1,907,2,False,13,2028,8,False,1
2,7,4,26,10,54,3,False,14,2028,8,True,1
1,3,10,27,1,388,2,False,15,2028,8,True,1
2,5,6,13,8,48,7,False,16,2028,8,True,1
2,10,1,7,2,794,5,True,17,2028,8,False,0
0,4,9,8,10,240,1,False,18,2028,8,True,2
2,10,5,46,5,72,1,True,19,2028,8,False,0
2,5,7,23,4,952,3,True,20,2028,8,False,1
2,5,9,26,8,810,3,True,21,2028,8,False,1
0,6,9,44,2,372,3,True,22,2028,8,False,2
2,10,1,27,10,411,4,True,23,2028,8,False,0
2,10,1,9,9,95,2,True,24,2028,8,False,0
2,6,3,46,7,513,2,False,25,2028,8,False,1
2,8,6,38,7,707,4,False,26,2028,8,True,1
0,8,2,47,1,541,1,False,27,2028,8,False,1
1,9,10,13,2,994,3,True,28,2028,8,False,1
2,8,1,7,4,136,5,True,29,2028,8,False,0
2,2,1,11,4,299,4,False,30,2028,8,True,0
1,10,5,10,3,749,5,True,31,2028,8,False,1
2,1,4,33,7,194,3,True,1,2028,9,False,1
2,10,1,39,8,765,1,False,2,2028,9,True,0
2,2,4,3,2,968,6,True,3,2028,9,False,1
2,2,3,41,4,783,6,False,4,2028,9,True,1
2,3,2,29,3,314,5,False,5,2028,9,True,1
2,10,9,37,2,470,3,True,6,2028,9,False,1
2,7,1,45,6,853,4,True,7,2028,9,False,1
2,2,7,16,4,537,2,False,8,2028,9,True,1
1,1,4,16,6,40,2,False,9,2028,9,True,1
2,6,5,44,2,92,1,True,10,2028,9,False,1
0,9,10,43,4,861,3,False,11,2028,9,False,2
2,3,5,7,6,55,3,True,12,2028,9,False,1
1,6,1,15,5,526,4,False,13,2028,9,True,1
1,3,6,38,3,918,6,False,14,2028,9,False,2
0,1,9,6,8,252,4,True,15,2028,9,False,2
1,5,2,18,7,747,4,True,16,2028,9,False,1
2,10,7,19,3,516,5,True,17,2028,9,False,0
2,4,6,2,6,225,2,True,18,2028,9,False,1
2,7,5,3,4,445,5,True,19,2028,9,False,0
2,6,4,46,5,960,1,False,20,2028,9,True,1
2,10,4,25,5,63,2,True,21,2028,9,False,0
1,7,6,36,7,110,5,False,22,2028,9,True,1
2,5,4,28,5,948,2,False,23,2028,9,False,1
2,4,5,38,3,847,4,False,24,2028,9,False,1
0,7,6,28,10,489,4,False,25,2028,9,True,2
2,7,5,32,5,624,4,True,26,2028,9,False,1
2,6,7,41,7,486,4,False,27,2028,9,True,1
1,8,9,36,5,870,1,False,28,2028,9,True,1
2,4,10,39,5,473,4,True,29,2028,9,False,1
2,10,7,36,9,614,3,True,30,2028,9,False,1
0,5,7,43,3,352,4,False,1,2028,10,False,2
0,4,4,23,6,526,1,True,2,2028,10,False,1
1,1,1,2,1,813,2,True,3,2028,10,False,1
2,8,8,10,10,489,1,True,4,2028,10,False,1
1,1,4,6,5,40,2,True,5,2028,10,False,1
2,5,1,8,8,247,4,False,6,2028,10,False,0
2,6,5,15,5,395,3,False,7,2028,10,True,1
2,6,8,45,9,149,5,False,8,2028,10,True,1
2,5,4,29,6,706,3,True,9,2028,10,False,1
2,3,8,28,8,639,4,True,10,2028,10,False,1
2,5,8,22,10,433,2,False,11,2028,10,True,1
2,8,3,34,8,814,5,True,12,2028,10,False,1
2,2,9,20,3,90,2,True,13,2028,10,False,1
1,6,3,33,7,423,2,False,14,2028,10,True,1
2,9,1,15,7,581,2,True,15,2028,10,False,0
2,8,2,7,10,626,2,False,16,2028,10,True,0
2,8,6,24,6,810,5,True,17,2028,10,False,1
2,8,10,26,7,416,3,True,18,2028,10,False,1
2,7,2,10,2,356,2,True,19,2028,10,False,0
2,8,6,15,9,663,6,False,20,2028,10,False,1
2,6,1,37,10,524,0,False,21,2028,10,False,1
0,2,1,24,10,929,1,False,22,2028,10,False,2
2,2,5,11,1,295,6,False,23,2028,10,True,1
2,8,10,40,1,911,7,True,24,2028,10,False,1
2,1,9,21,3,32,5,False,25,2028,10,True,1
2,6,8,40,3,22,5,False,26,2028,10,True,1
2,6,3,38,1,997,3,False,27,2028,10,False,1
2,4,3,15,7,243,3,True,28,2028,10,False,1
2,10,1,15,4,993,2,False,29,2028,10,True,0
0,3,3,37,10,194,2,True,30,2028,10,False,2
1,3,1,45,2,918,1,True,31,2028,10,False,1
2,1,8,14,10,404,1,False,1,2028,11,True,1
1,3,1,43,5,621,2,False,2,2028,11,True,1
2,4,5,21,6,939,4,True,3,2028,11,False,1
1,5,9,44,9,260,5,True,4,2028,11,False,2
2,3,7,20,4,566,2,False,5,2028,11,True,1
2,6,4,33,2,33,3,False,6,2028,11,True,0
1,5,9,3,5,214,3,False,7,2028,11,False,1
1,3,9,40,3,416,4,False,8,2028,11,False,2
1,6,2,23,2,450,8,False,9,2028,11,True,1
2,6,10,44,1,325,4,True,10,2028,11,False,1
0,8,10,47,10,353,4,False,11,2028,11,True,2
0,2,6,23,2,744,2,True,12,2028,11,False,2
2,1,4,27,6,429,3,True,13,2028,11,False,1
2,4,8,35,8,22,2,False,14,2028,11,False,1
2,7,7,25,3,710,0,True,15,2028,11,False,1
0,10,7,32,9,571,3,False,16,2028,11,False,1
2,3,10,22,9,471,2,False,17,2028,11,True,1
2,3,9,8,2,695,3,False,18,2028,11,True,1
2,5,5,38,8,838,1,False,19,2028,11,True,1
2,5,6,18,10,766,3,False,20,2028,11,False,1
2,10,1,28,5,788,0,False,21,2028,11,True,0
2,3,6,28,4,891,2,False,22,2028,11,True,1
0,9,2,11,10,514,3,True,23,2028,11,False,1
2,4,6,12,5,436,3,False,24,2028,11,True,1
1,3,9,2,4,410,0,True,25,2028,11,False,1
2,2,8,37,8,392,5,False,26,2028,11,True,2
2,10,9,4,4,647,2,False,27,2028,11,True,0
2,9,10,41,10,71,5,False,28,2028,11,True,1
2,4,8,45,6,395,3,True,29,2028,11,False,1
2,3,3,45,2,414,3,True,30,2028,11,False,1
0,7,8,47,5,942,3,False,1,2028,12,True,2
2,8,6,34,6,161,2,True,2,2028,12,False,1
2,2,6,23,5,105,5,True,3,2028,12,False,1
2,7,6,13,2,483,2,True,4,2028,12,False,0
2,5,3,7,7,65,2,False,5,2028,12,False,0
0,5,10,32,4,863,2,False,6,2028,12,True,2
2,3,1,23,8,257,3,True,7,2028,12,False,1
2,5,4,8,7,29,2,True,8,2028,12,False,0
2,2,10,47,7,683,2,True,9,2028,12,False,2
2,4,6,47,9,592,2,False,10,2028,12,True,1
2,6,10,37,1,549,1,False,11,2028,12,True,1
2,1,2,34,10,617,3,True,12,2028,12,False,1
2,10,7,48,6,668,0,True,13,2028,12,False,1
2,4,7,29,6,932,1,True,14,2028,12,False,1
2,6,4,37,6,761,6,False,15,2028,12,True,1
1,9,4,23,6,659,1,False,16,2028,12,True,1
2,2,1,38,10,635,5,True,17,2028,12,False,1
1,7,2,29,7,717,2,True,18,2028,12,False,1
1,6,9,44,10,928,5,True,19,2028,12,False,2
2,2,10,5,6,197,3,False,20,2028,12,False,1
2,8,8,40,1,888,0,True,21,2028,12,False,1
2,7,8,11,3,25,1,False,22,2028,12,True,0
1,5,9,14,2,872,3,False,23,2028,12,True,1
2,5,7,42,6,326,0,True,24,2028,12,False,1
2,7,9,2,8,567,1,True,25,2028,12,False,1
2,9,10,35,3,346,0,True,26,2028,12,False,1
0,9,2,45,10,375,4,False,27,2028,12,True,1
2,9,6,35,8,812,1,False,28,2028,12,True,1
2,6,3,42,8,414,0,False,29,2028,12,True,1
2,10,6,28,5,319,2,False,30,2028,12,True,0
2,6,3,8,8,545,4,True,31,2028,12,False,1
2,3,8,32,6,768,4,False,1,2029,1,False,1
1,1,4,4,5,304,4,False,2,2029,1,True,1
1,7,10,45,9,349,1,True,3,2029,1,False,2
1,4,6,7,7,69,3,False,4,2029,1,False,1
2,1,9,39,8,792,2,False,5,2029,1,True,2
2,8,2,48,1,987,1,False,6,2029,1,True,1
2,6,2,27,2,641,0,False,7,2029,1,True,0
2,6,7,37,8,728,4,False,8,2029,1,False,1
2,2,2,17,9,397,2,False,9,2029,1,True,1
2,1,2,10,4,783,2,True,10,2029,1,False,1
2,2,4,4,10,619,1,True,11,2029,1,False,1
2,4,9,23,10,844,3,False,12,2029,1,False,1
2,2,8,14,9,557,4,True,13,2029,1,False,1
0,1,2,5,4,793,6,True,14,2029,1,False,1
2,7,8,2,10,163,2,True,15,2029,1,False,1
0,8,4,46,10,79,2,True,16,2029,1,False,1
1,6,2,24,10,887,3,False,17,2029,1,True,1
2,4,10,18,9,799,2,False,18,2029,1,False,1
2,6,7,27,7,94,1,True,19,2029,1,False,1
2,3,6,24,2,22,1,True,20,2029,1,False,1
1,8,10,29,9,594,2,True,21,2029,1,False,1
2,10,5,11,4,767,3,False,22,2029,1,False,0
0,2,1,48,8,467,6,False,23,2029,1,True,2
2,5,2,18,7,977,1,True,24,2029,1,False,1
1,1,8,48,7,760,1,False,25,2029,1,False,2
1,6,1,4,8,921,2,False,26,2029,1,False,1
2,2,3,33,1,294,3,False,27,2029,1,False,1
2,4,2,14,5,549,1,False,28,2029,1,False,0
2,6,5,44,2,611,3,True,29,2029,1,False,1
2,10,4,42,2,234,7,False,30,2029,1,True,0
2,8,7,32,1,702,0,False,31,2029,1,True,1
1,8,5,4,5,504,1,False,1,2029,2,False,1
2,6,8,20,2,348,4,False,2,2029,2,True,1
0,4,4,21,4,274,3,False,3,2029,2,True,1
1,8,6,3,3,406,4,False,4,2029,2,True,1
2,8,4,25,3,145,1,True,5,2029,2,False,0
0,10,2,4,2,786,3,False,6,2029,2,True,0
2,1,1,47,6,603,4,False,7,2029,2,False,1
1,4,1,11,2,569,4,False,8,2029,2,False,1
2,4,8,16,8,343,3,True,9,2029,2,False,1
2,7,4,36,8,223,3,True,10,2029,2,False,1
2,7,5,6,5,191,3,True,11,2029,2,False,0
2,8,8,31,10,754,2,False,12,2029,2,True,1
2,5,7,40,7,236,2,False,13,2029,2,False,1
2,7,8,13,4,264,4,True,14,2029,2,False,1
2,8,8,23,1,355,3,False,15,2029,2,True,0
0,9,6,4,2,722,2,False,16,2029,2,False,1
2,3,10,37,10,317,2,False,17,2029,2,True,2
2,3,2,42,10,851,4,False,18,2029,2,True,1
2,4,6,37,4,201,1,False,19,2029,2,True,1
1,5,1,44,1,353,6,False,20,2029,2,True,1
0,10,1,33,8,530,3,True,21,2029,2,False,1
2,1,3,42,9,402,2,False,22,2029,2,True,1
2,7,3,29,4,736,3,False,23,2029,2,True,1
2,9,5,37,10,892,5,False,24,2029,2,False,1
2,8,1,19,3,218,3,False,25,2029,2,True,0
1,5,10,20,2,351,2,False,26,2029,2,True,1
2,4,6,32,5,184,0,True,27,2029,2,False,1
0,7,7,44,3,261,4,False,28,2029,2,True,2
2,5,10,16,10,919,4,True,1,2029,3,False,1
0,7,3,5,7,661,3,True,2,2029,3,False,1
2,1,4,46,6,246,6,False,3,2029,3,True,1
1,1,10,12,1,653,3,False,4,2029,3,False,1
0,10,10,45,8,575,1,True,5,2029,3,False,2
0,3,10,21,2,470,1,True,6,2029,3,False,2
2,2,10,14,5,215,4,False,7,2029,3,False,1
2,2,10,37,9,889,3,True,8,2029,3,False,2
2,7,3,22,8,223,1,False,9,2029,3,True,0
2,10,1,30,2,998,1,False,10,2029,3,True,0
2,2,8,23,9,477,1,False,11,2029,3,True,1
2,4,10,5,5,849,2,True,12,2029,3,False,1
2,2,10,29,10,276,3,True,13,2029,3,False,2
2,6,2,30,6,548,1,False,14,2029,3,True,1
2,8,1,18,3,291,2,False,15,2029,3,True,0
2,10,8,46,3,28,2,True,16,2029,3,False,1
2,4,7,1,10,780,4,False,17,2029,3,True,1
2,5,7,39,8,968,2,True,18,2029,3,False,1
2,4,4,17,10,220,3,False,19,2029,3,True,1
2,3,9,3,10,78,3,True,20,2029,3,False,1
0,5,6,42,2,906,2,False,21,2029,3,False,2
0,9,2,7,2,412,3,True,22,2029,3,False,0
0,8,1,27,5,671,2,True,23,2029,3,False,1
1,8,1,28,6,138,2,True,24,2029,3,False,1
2,8,9,44,2,572,1,True,25,2029,3,False,1
2,8,4,31,5,418,5,False,26,2029,3,False,1
2,7,5,15,7,853,8,False,27,2029,3,False,1
2,8,3,48,10,350,4,True,28,2029,3,False,1
2,8,4,8,10,286,1,True,29,2029,3,False,0
2,8,8,6,8,539,5,False,30,2029,3,True,1
2,10,4,28,7,714,4,False,31,2029,3,False,1
2,7,9,4,8,499,1,False,1,2029,4,True,1
1,1,9,30,9,153,5,True,2,2029,4,False,2
2,4,6,43,5,712,1,True,3,2029,4,False,1
2,4,2,17,5,935,3,False,4,2029,4,True,1
2,5,10,34,10,954,3,True,5,2029,4,False,2
2,10,7,6,4,374,5,False,6,2029,4,True,0
2,6,9,36,9,603,2,True,7,2029,4,False,1
0,4,6,35,5,517,1,False,8,2029,4,True,2
2,2,3,39,2,644,1,True,9,2029,4,False,1
2,6,7,39,10,126,0,False,10,2029,4,True,1
2,8,5,16,8,309,5,False,11,2029,4,True,1
2,8,1,2,7,844,5,False,12,2029,4,True,0
1,7,3,8,8,648,2,True,13,2029,4,False,1
2,6,5,15,3,651,3,False,14,2029,4,True,1
1,2,7,27,4,166,3,False,15,2029,4,True,1
0,7,3,16,5,346,1,False,16,2029,4,True,1
1,5,6,1,6,434,2,False,17,2029,4,True,1
2,6,5,10,1,229,3,False,18,2029,4,True,0
2,10,1,7,4,315,7,False,19,2029,4,False,0
2,8,10,48,10,417,4,True,20,2029,4,False,1
2,8,6,10,5,122,2,False,21,2029,4,False,0
1,3,8,12,7,655,2,False,22,2029,4,True,1
1,7,1,17,5,776,1,True,23,2029,4,False,1
1,1,2,45,1,527,2,True,24,2029,4,False,1
1,1,4,12,7,910,4,True,25,2029,4,False,1
2,7,2,15,8,887,1,False,26,2029,4,True,0
2,10,9,46,7,228,7,False,27,2029,4,True,1
2,9,10,32,4,952,1,False,28,2029,4,True,1
0,7,8,32,8,447,4,False,29,2029,4,True,2
1,10,8,26,5,412,2,True,30,2029,4,False,1
2,5,4,14,10,845,1,True,1,2029,5,False,1
1,8,5,26,9,935,7,True,2,2029,5,False,1
1,2,4,5,10,128,5,True,3,2029,5,False,1
0,9,9,38,5,908,4,True,4,2029,5,False,2
1,6,2,46,1,367,4,True,5,2029,5,False,1
2,9,8,4,9,69,3,False,6,2029,5,True,0
2,2,2,28,5,935,5,False,7,2029,5,True,1
2,3,1,1,6,124,2,False,8,2029,5,False,0
2,8,10,13,4,439,3,False,9,2029,5,False,1
2,1,3,43,6,392,5,False,10,2029,5,True,1
2,10,9,3,8,46,5,True,11,2029,5,False,0
1,7,3,25,3,987,3,False,12,2029,5,True,1
2,7,9,42,5,819,2,False,13,2029,5,True,1
0,1,7,16,2,788,0,True,14,2029,5,False,2
2,9,10,21,2,292,3,True,15,2029,5,False,1
2,8,1,13,7,668,2,False,16,2029,5,False,0
2,4,10,44,10,359,0,True,17,2029,5,False,2
2,10,5,36,10,320,1,False,18,2029,5,True,1
2,5,9,8,10,499,1,False,19,2029,5,True,1
2,2,3,44,6,853,2,True,20,2029,5,False,1
2,9,9,19,4,563,3,True,21,2029,5,False,1
2,6,5,47,5,576,1,True,22,2029,5,False,1
2,3,9,16,1,284,2,True,23,2029,5,False,1
1,7,10,12,7,561,5,True,24,2029,5,False,1
2,9,6,20,8,615,6,False,25,2029,5,False,1
2,3,9,18,9,185,5,True,26,2029,5,False,1
1,2,7,12,8,335,6,False,27,2029,5,True,2
2,7,7,48,5,20,1,True,28,2029,5,False,1
0,7,8,25,3,780,1,False,29,2029,5,False,1
1,4,7,11,10,280,7,True,30,2029,5,False,1
1,9,9,22,9,82,2,True,31,2029,5,False,1
2,8,9,46,6,502,2,False,1,2029,6,False,1
1,1,6,34,5,695,3,False,2,2029,6,False,2
1,1,7,13,3,340,4,True,3,2029,6,False,1
2,5,2,46,6,865,4,False,4,2029,6,False,1
2,6,9,38,3,220,2,False,5,2029,6,True,1
2,3,1,12,10,241,1,False,6,2029,6,True,1
1,9,1,39,6,171,3,True,7,2029,6,False,1
2,10,3,36,4,663,2,True,8,2029,6,False,0
1,6,6,28,2,645,4,False,9,2029,6,True,1
2,4,5,27,8,481,5,False,10,2029,6,True,1
1,7,2,39,4,236,1,True,11,2029,6,False,1
2,8,9,13,9,215,7,False,12,2029,6,True,1
2,9,10,43,7,812,3,False,13,2029,6,True,1
2,6,4,40,2,221,1,True,14,2029,6,False,1
2,6,4,27,4,666,8,False,15,2029,6,True,1
2,8,5,31,5,253,2,True,16,2029,6,False,0
2,5,8,2,3,160,3,False,17,2029,6,True,0
2,3,10,18,9,727,3,False,18,2029,6,True,1
0,3,4,26,5,517,6,False,19,2029,6,False,2
1,6,5,42,2,574,2,True,20,2029,6,False,1
2,2,4,31,3,76,4,True,21,2029,6,False,1
2,6,6,38,9,951,1,True,22,2029,6,False,1
